Workbook

Sheet GRILLA
A1: N° de Ruta | B1: Nombre y apellido | C1: Concurso de Marcas | O1: Vigencia: 3.08 al 29.08 | Q1: MARCAS >= 50% | AA1: MARCAS >=100%
C2: Hileret | D2: Elvive | E2: Carefree Siempre libre | F2: Calipso Nosotras | G2: Elegante | H2: Cif | I2: Arlistan Cruz Malta | J2: Categoria Pescados | K2: Downy | L2: PROMEDIO | M2: Ranking | O2: PREMIOS: | Q2: Hileret | R2: Elvive | S2: Carefree Siempre libre | T2: Calipso Nosotras | U2: Elegante | V2: Cif | W2: Arlistan Cruz Malta | X2: Categoria Pescados | Y2: Downy | Z2: TOTAL | AA2: Hileret | AB2: Elvive | AC2: Carefree Siempre libre | AD2: Calipso Nosotras | AE2: Elegante | AF2: Cif | AG2: Arlistan Cruz Malta | AH2: Categoria Pescados | AI2: Downy | AJ2: TOTAL
A3: 455 | B3: CISNEROS JONATHAN | C3: =VLOOKUP(A3,INCENTIVO!A:E,5,0) -> 0.076923077 | D3: =VLOOKUP(A3,INCENTIVO!A:H,8,0) -> 0.53846154 | E3: =VLOOKUP(A3,INCENTIVO!A:K,11,0) -> 0 | F3: =VLOOKUP(A3,INCENTIVO!A:N,14,0) -> 0.071428571 | G3: =VLOOKUP(A3,INCENTIVO!A:Q,17,0) -> 0 | H3: =VLOOKUP(A3,INCENTIVO!A:T,20,0) -> 0.15 | I3: =VLOOKUP(A3,INCENTIVO!A:W,23,0) -> 0.066666667 | J3: =VLOOKUP(A3,INCENTIVO!A:Z,26,0) -> 0.037470708 | K3: =VLOOKUP(A3,INCENTIVO!A:AC,29,0) -> 0.45454545 | L3: =AVERAGE(C3:J3) -> 0.11761882 | M3: =VLOOKUP(A3,RANKING!A:C,3,0) -> 78 | O3: Escala 1 = 5 marcas $125.000 | Q3: =IF(C3>=50%,1,0) -> 0 | R3: =IF(D3>=50%,1,0) -> 1 | S3: =IF(E3>=50%,1,0) -> 0 | T3: =IF(F3>=50%,1,0) -> 0 | U3: =IF(G3>=50%,1,0) -> 0 | V3: =IF(H3>=50%,1,0) -> 0 | W3: =IF(I3>=50%,1,0) -> 0 | X3: =IF(J3>=50%,1,0) -> 0 | Y3: =IF(K3>=50%,1,0) -> 0 | Z3: =SUM(Q3:Y3) -> 1 | AA3: =IF(C3>=100%,1,0) -> 0 | AB3: =IF(D3>=100%,1,0) -> 0 | AC3: =IF(E3>=100%,1,0) -> 0 | AD3: =IF(F3>=100%,1,0) -> 0 | AE3: =IF(G3>=100%,1,0) -> 0 | AF3: =IF(H3>=100%,1,0) -> 0 | AG3: =IF(I3>=100%,1,0) -> 0 | AH3: =IF(J3>=100%,1,0) -> 0 | AI3: =IF(K3>=100%,1,0) -> 0 | AJ3: =SUM(AA3:AI3) -> 0
A4: 480 | B4: MEDINA NICOLAS | C4: =VLOOKUP(A4,INCENTIVO!A:E,5,0) -> 0.2 | D4: =VLOOKUP(A4,INCENTIVO!A:H,8,0) -> 0.5 | E4: =VLOOKUP(A4,INCENTIVO!A:K,11,0) -> 0.29411765 | F4: =VLOOKUP(A4,INCENTIVO!A:N,14,0) -> 0.17647059 | G4: =VLOOKUP(A4,INCENTIVO!A:Q,17,0) -> 0.15384615 | H4: =VLOOKUP(A4,INCENTIVO!A:T,20,0) -> 0.2173913 | I4: =VLOOKUP(A4,INCENTIVO!A:W,23,0) -> 0 | J4: =VLOOKUP(A4,INCENTIVO!A:Z,26,0) -> 0.32497674 | K4: =VLOOKUP(A4,INCENTIVO!A:AC,29,0) -> 0.15384615 | L4: =AVERAGE(C4:J4) -> 0.2333503 | M4: =VLOOKUP(A4,RANKING!A:C,3,0) -> 34 | O4: Escala 2 = 7 marcas $250.000 | Q4: =IF(C4>=50%,1,0) -> 0 | R4: =IF(D4>=50%,1,0) -> 1 | S4: =IF(E4>=50%,1,0) -> 0 | T4: =IF(F4>=50%,1,0) -> 0 | U4: =IF(G4>=50%,1,0) -> 0 | V4: =IF(H4>=50%,1,0) -> 0 | W4: =IF(I4>=50%,1,0) -> 0 | X4: =IF(J4>=50%,1,0) -> 0 | Y4: =IF(K4>=50%,1,0) -> 0 | Z4: =SUM(Q4:Y4) -> 1 | AA4: =IF(C4>=100%,1,0) -> 0 | AB4: =IF(D4>=100%,1,0) -> 0 | AC4: =IF(E4>=100%,1,0) -> 0 | AD4: =IF(F4>=100%,1,0) -> 0 | AE4: =IF(G4>=100%,1,0) -> 0 | AF4: =IF(H4>=100%,1,0) -> 0 | AG4: =IF(I4>=100%,1,0) -> 0 | AH4: =IF(J4>=100%,1,0) -> 0 | AI4: =IF(K4>=100%,1,0) -> 0 | AJ4: =SUM(AA4:AI4) -> 0
A5: 430 | B5: DELAMANO BRIAN | C5: =VLOOKUP(A5,INCENTIVO!A:E,5,0) -> 0.16666667 | D5: =VLOOKUP(A5,INCENTIVO!A:H,8,0) -> 1.4615385 | E5: =VLOOKUP(A5,INCENTIVO!A:K,11,0) -> 0.53846154 | F5: =VLOOKUP(A5,INCENTIVO!A:N,14,0) -> 0 | G5: =VLOOKUP(A5,INCENTIVO!A:Q,17,0) -> 0.1 | H5: =VLOOKUP(A5,INCENTIVO!A:T,20,0) -> 0.26315789 | I5: =VLOOKUP(A5,INCENTIVO!A:W,23,0) -> 0.21428571 | J5: =VLOOKUP(A5,INCENTIVO!A:Z,26,0) -> 0.071921491 | K5: =VLOOKUP(A5,INCENTIVO!A:AC,29,0) -> 0.6 | L5: =AVERAGE(C5:J5) -> 0.35200397 | M5: =VLOOKUP(A5,RANKING!A:C,3,0) -> 12 | O5: Escala 3 = 9 marcas $300.000 | Q5: =IF(C5>=50%,1,0) -> 0 | R5: =IF(D5>=50%,1,0) -> 1 | S5: =IF(E5>=50%,1,0) -> 1 | T5: =IF(F5>=50%,1,0) -> 0 | U5: =IF(G5>=50%,1,0) -> 0 | V5: =IF(H5>=50%,1,0) -> 0 | W5: =IF(I5>=50%,1,0) -> 0 | X5: =IF(J5>=50%,1,0) -> 0 | Y5: =IF(K5>=50%,1,0) -> 1 | Z5: =SUM(Q5:Y5) -> 3 | AA5: =IF(C5>=100%,1,0) -> 0 | AB5: =IF(D5>=100%,1,0) -> 1 | AC5: =IF(E5>=100%,1,0) -> 0 | AD5: =IF(F5>=100%,1,0) -> 0 | AE5: =IF(G5>=100%,1,0) -> 0 | AF5: =IF(H5>=100%,1,0) -> 0 | AG5: =IF(I5>=100%,1,0) -> 0 | AH5: =IF(J5>=100%,1,0) -> 0 | AI5: =IF(K5>=100%,1,0) -> 0 | AJ5: =SUM(AA5:AI5) -> 1
A6: 415 | B6: OLGUIN PATRICIA | C6: =VLOOKUP(A6,INCENTIVO!A:E,5,0) -> 0.53333333 | D6: =VLOOKUP(A6,INCENTIVO!A:H,8,0) -> 0.25 | E6: =VLOOKUP(A6,INCENTIVO!A:K,11,0) -> 0.29411765 | F6: =VLOOKUP(A6,INCENTIVO!A:N,14,0) -> 0.058823529 | G6: =VLOOKUP(A6,INCENTIVO!A:Q,17,0) -> 0 | H6: =VLOOKUP(A6,INCENTIVO!A:T,20,0) -> 0.12 | I6: =VLOOKUP(A6,INCENTIVO!A:W,23,0) -> 0.27777778 | J6: =VLOOKUP(A6,INCENTIVO!A:Z,26,0) -> 0.13108461 | K6: =VLOOKUP(A6,INCENTIVO!A:AC,29,0) -> 0.15384615 | L6: =AVERAGE(C6:J6) -> 0.20814211 | M6: =VLOOKUP(A6,RANKING!A:C,3,0) -> 38 | O6: TODAS LAS MARCAS DEBEN ESTAR AL 50% | Q6: =IF(C6>=50%,1,0) -> 1 | R6: =IF(D6>=50%,1,0) -> 0 | S6: =IF(E6>=50%,1,0) -> 0 | T6: =IF(F6>=50%,1,0) -> 0 | U6: =IF(G6>=50%,1,0) -> 0 | V6: =IF(H6>=50%,1,0) -> 0 | W6: =IF(I6>=50%,1,0) -> 0 | X6: =IF(J6>=50%,1,0) -> 0 | Y6: =IF(K6>=50%,1,0) -> 0 | Z6: =SUM(Q6:Y6) -> 1 | AA6: =IF(C6>=100%,1,0) -> 0 | AB6: =IF(D6>=100%,1,0) -> 0 | AC6: =IF(E6>=100%,1,0) -> 0 | AD6: =IF(F6>=100%,1,0) -> 0 | AE6: =IF(G6>=100%,1,0) -> 0 | AF6: =IF(H6>=100%,1,0) -> 0 | AG6: =IF(I6>=100%,1,0) -> 0 | AH6: =IF(J6>=100%,1,0) -> 0 | AI6: =IF(K6>=100%,1,0) -> 0 | AJ6: =SUM(AA6:AI6) -> 0
A7: 431 | B7: FERNANDEZ MELANY | C7: =VLOOKUP(A7,INCENTIVO!A:E,5,0) -> 0.76923077 | D7: =VLOOKUP(A7,INCENTIVO!A:H,8,0) -> 0.64285714 | E7: =VLOOKUP(A7,INCENTIVO!A:K,11,0) -> 0.6 | F7: =VLOOKUP(A7,INCENTIVO!A:N,14,0) -> 0.26666667 | G7: =VLOOKUP(A7,INCENTIVO!A:Q,17,0) -> 0.33333333 | H7: =VLOOKUP(A7,INCENTIVO!A:T,20,0) -> 0.28571429 | I7: =VLOOKUP(A7,INCENTIVO!A:W,23,0) -> 0.3125 | J7: =VLOOKUP(A7,INCENTIVO!A:Z,26,0) -> 0.39171989 | K7: =VLOOKUP(A7,INCENTIVO!A:AC,29,0) -> 0.25 | L7: =AVERAGE(C7:J7) -> 0.45025276 | M7: =VLOOKUP(A7,RANKING!A:C,3,0) -> 7 | Q7: =IF(C7>=50%,1,0) -> 1 | R7: =IF(D7>=50%,1,0) -> 1 | S7: =IF(E7>=50%,1,0) -> 1 | T7: =IF(F7>=50%,1,0) -> 0 | U7: =IF(G7>=50%,1,0) -> 0 | V7: =IF(H7>=50%,1,0) -> 0 | W7: =IF(I7>=50%,1,0) -> 0 | X7: =IF(J7>=50%,1,0) -> 0 | Y7: =IF(K7>=50%,1,0) -> 0 | Z7: =SUM(Q7:Y7) -> 3 | AA7: =IF(C7>=100%,1,0) -> 0 | AB7: =IF(D7>=100%,1,0) -> 0 | AC7: =IF(E7>=100%,1,0) -> 0 | AD7: =IF(F7>=100%,1,0) -> 0 | AE7: =IF(G7>=100%,1,0) -> 0 | AF7: =IF(H7>=100%,1,0) -> 0 | AG7: =IF(I7>=100%,1,0) -> 0 | AH7: =IF(J7>=100%,1,0) -> 0 | AI7: =IF(K7>=100%,1,0) -> 0 | AJ7: =SUM(AA7:AI7) -> 0
A8: 420 | B8: CINTIA RIZZI | C8: =VLOOKUP(A8,INCENTIVO!A:E,5,0) -> 0.42857143 | D8: =VLOOKUP(A8,INCENTIVO!A:H,8,0) -> 0.53333333 | E8: =VLOOKUP(A8,INCENTIVO!A:K,11,0) -> 0.3125 | F8: =VLOOKUP(A8,INCENTIVO!A:N,14,0) -> 0.0625 | G8: =VLOOKUP(A8,INCENTIVO!A:Q,17,0) -> 0 | H8: =VLOOKUP(A8,INCENTIVO!A:T,20,0) -> 0.43478261 | I8: =VLOOKUP(A8,INCENTIVO!A:W,23,0) -> 0.35294118 | J8: =VLOOKUP(A8,INCENTIVO!A:Z,26,0) -> 0.11613561 | K8: =VLOOKUP(A8,INCENTIVO!A:AC,29,0) -> 0.30769231 | L8: =AVERAGE(C8:J8) -> 0.28009552 | M8: =VLOOKUP(A8,RANKING!A:C,3,0) -> 27 | Q8: =IF(C8>=50%,1,0) -> 0 | R8: =IF(D8>=50%,1,0) -> 1 | S8: =IF(E8>=50%,1,0) -> 0 | T8: =IF(F8>=50%,1,0) -> 0 | U8: =IF(G8>=50%,1,0) -> 0 | V8: =IF(H8>=50%,1,0) -> 0 | W8: =IF(I8>=50%,1,0) -> 0 | X8: =IF(J8>=50%,1,0) -> 0 | Y8: =IF(K8>=50%,1,0) -> 0 | Z8: =SUM(Q8:Y8) -> 1 | AA8: =IF(C8>=100%,1,0) -> 0 | AB8: =IF(D8>=100%,1,0) -> 0 | AC8: =IF(E8>=100%,1,0) -> 0 | AD8: =IF(F8>=100%,1,0) -> 0 | AE8: =IF(G8>=100%,1,0) -> 0 | AF8: =IF(H8>=100%,1,0) -> 0 | AG8: =IF(I8>=100%,1,0) -> 0 | AH8: =IF(J8>=100%,1,0) -> 0 | AI8: =IF(K8>=100%,1,0) -> 0 | AJ8: =SUM(AA8:AI8) -> 0
A9: 410 | B9: GARCIA LARA | C9: =VLOOKUP(A9,INCENTIVO!A:E,5,0) -> 0.076923077 | D9: =VLOOKUP(A9,INCENTIVO!A:H,8,0) -> 0.35714286 | E9: =VLOOKUP(A9,INCENTIVO!A:K,11,0) -> 0.2 | F9: =VLOOKUP(A9,INCENTIVO!A:N,14,0) -> 0 | G9: =VLOOKUP(A9,INCENTIVO!A:Q,17,0) -> 0 | H9: =VLOOKUP(A9,INCENTIVO!A:T,20,0) -> 0.23809524 | I9: =VLOOKUP(A9,INCENTIVO!A:W,23,0) -> 0.13333333 | J9: =VLOOKUP(A9,INCENTIVO!A:Z,26,0) -> 0.090921261 | K9: =VLOOKUP(A9,INCENTIVO!A:AC,29,0) -> 0.090909091 | L9: =AVERAGE(C9:J9) -> 0.13705197 | M9: =VLOOKUP(A9,RANKING!A:C,3,0) -> 64 | O9: Ranking: | Q9: =IF(C9>=50%,1,0) -> 0 | R9: =IF(D9>=50%,1,0) -> 0 | S9: =IF(E9>=50%,1,0) -> 0 | T9: =IF(F9>=50%,1,0) -> 0 | U9: =IF(G9>=50%,1,0) -> 0 | V9: =IF(H9>=50%,1,0) -> 0 | W9: =IF(I9>=50%,1,0) -> 0 | X9: =IF(J9>=50%,1,0) -> 0 | Y9: =IF(K9>=50%,1,0) -> 0 | Z9: =SUM(Q9:Y9) -> 0 | AA9: =IF(C9>=100%,1,0) -> 0 | AB9: =IF(D9>=100%,1,0) -> 0 | AC9: =IF(E9>=100%,1,0) -> 0 | AD9: =IF(F9>=100%,1,0) -> 0 | AE9: =IF(G9>=100%,1,0) -> 0 | AF9: =IF(H9>=100%,1,0) -> 0 | AG9: =IF(I9>=100%,1,0) -> 0 | AH9: =IF(J9>=100%,1,0) -> 0 | AI9: =IF(K9>=100%,1,0) -> 0 | AJ9: =SUM(AA9:AI9) -> 0
A10: 456 | B10: BENITEZ MONICA | C10: =VLOOKUP(A10,INCENTIVO!A:E,5,0) -> 0.18181818 | D10: =VLOOKUP(A10,INCENTIVO!A:H,8,0) -> 0.58333333 | E10: =VLOOKUP(A10,INCENTIVO!A:K,11,0) -> 0.15384615 | F10: =VLOOKUP(A10,INCENTIVO!A:N,14,0) -> 0 | G10: =VLOOKUP(A10,INCENTIVO!A:Q,17,0) -> 0.1 | H10: =VLOOKUP(A10,INCENTIVO!A:T,20,0) -> 0.11111111 | I10: =VLOOKUP(A10,INCENTIVO!A:W,23,0) -> 0.071428571 | J10: =VLOOKUP(A10,INCENTIVO!A:Z,26,0) -> 0.10496633 | K10: =VLOOKUP(A10,INCENTIVO!A:AC,29,0) -> 0.1 | L10: =AVERAGE(C10:J10) -> 0.16331296 | M10: =VLOOKUP(A10,RANKING!A:C,3,0) -> 53 | O10: 15 primeros puestos $100.000 | Q10: =IF(C10>=50%,1,0) -> 0 | R10: =IF(D10>=50%,1,0) -> 1 | S10: =IF(E10>=50%,1,0) -> 0 | T10: =IF(F10>=50%,1,0) -> 0 | U10: =IF(G10>=50%,1,0) -> 0 | V10: =IF(H10>=50%,1,0) -> 0 | W10: =IF(I10>=50%,1,0) -> 0 | X10: =IF(J10>=50%,1,0) -> 0 | Y10: =IF(K10>=50%,1,0) -> 0 | Z10: =SUM(Q10:Y10) -> 1 | AA10: =IF(C10>=100%,1,0) -> 0 | AB10: =IF(D10>=100%,1,0) -> 0 | AC10: =IF(E10>=100%,1,0) -> 0 | AD10: =IF(F10>=100%,1,0) -> 0 | AE10: =IF(G10>=100%,1,0) -> 0 | AF10: =IF(H10>=100%,1,0) -> 0 | AG10: =IF(I10>=100%,1,0) -> 0 | AH10: =IF(J10>=100%,1,0) -> 0 | AI10: =IF(K10>=100%,1,0) -> 0 | AJ10: =SUM(AA10:AI10) -> 0
A11: Zona 350 | B11: Adriana Rodriguez | C11: =VLOOKUP(A11,INCENTIVO!A:E,5,0) -> 0.31132075 | D11: =VLOOKUP(A11,INCENTIVO!A:H,8,0) -> 0.59292035 | E11: =VLOOKUP(A11,INCENTIVO!A:K,11,0) -> 0.3 | F11: =VLOOKUP(A11,INCENTIVO!A:N,14,0) -> 0.083333333 | G11: =VLOOKUP(A11,INCENTIVO!A:Q,17,0) -> 0.086021505 | H11: =VLOOKUP(A11,INCENTIVO!A:T,20,0) -> 0.22941176 | I11: =VLOOKUP(A11,INCENTIVO!A:W,23,0) -> 0.18110236 | J11: =VLOOKUP(A11,INCENTIVO!A:Z,26,0) -> 0.16668097 | K11: =VLOOKUP(A11,INCENTIVO!A:AC,29,0) -> 0.25806452 | L11: =AVERAGE(C11:J11) -> 0.24384888 | O11: Promedio mayor a 100% | Q11: =IF(C11>=50%,1,0) -> 0 | R11: =IF(D11>=50%,1,0) -> 1 | S11: =IF(E11>=50%,1,0) -> 0 | T11: =IF(F11>=50%,1,0) -> 0 | U11: =IF(G11>=50%,1,0) -> 0 | V11: =IF(H11>=50%,1,0) -> 0 | W11: =IF(I11>=50%,1,0) -> 0 | X11: =IF(J11>=50%,1,0) -> 0 | Y11: =IF(K11>=50%,1,0) -> 0 | Z11: =SUM(Q11:Y11) -> 1 | AA11: =IF(C11>=100%,1,0) -> 0 | AB11: =IF(D11>=100%,1,0) -> 0 | AC11: =IF(E11>=100%,1,0) -> 0 | AD11: =IF(F11>=100%,1,0) -> 0 | AE11: =IF(G11>=100%,1,0) -> 0 | AF11: =IF(H11>=100%,1,0) -> 0 | AG11: =IF(I11>=100%,1,0) -> 0 | AH11: =IF(J11>=100%,1,0) -> 0 | AI11: =IF(K11>=100%,1,0) -> 0 | AJ11: =SUM(AA11:AI11) -> 0
A12: 421 | B12: MINONI GABRIEL DARIO | C12: =VLOOKUP(A12,INCENTIVO!A:E,5,0) -> 0.23076923 | D12: =VLOOKUP(A12,INCENTIVO!A:H,8,0) -> 0.14285714 | E12: =VLOOKUP(A12,INCENTIVO!A:K,11,0) -> 0.066666667 | F12: =VLOOKUP(A12,INCENTIVO!A:N,14,0) -> 0 | G12: =VLOOKUP(A12,INCENTIVO!A:Q,17,0) -> 0.090909091 | H12: =VLOOKUP(A12,INCENTIVO!A:T,20,0) -> 0.38095238 | I12: =VLOOKUP(A12,INCENTIVO!A:W,23,0) -> 0.066666667 | J12: =VLOOKUP(A12,INCENTIVO!A:Z,26,0) -> 0.15053959 | K12: =VLOOKUP(A12,INCENTIVO!A:AC,29,0) -> 0.36363636 | L12: =AVERAGE(C12:J12) -> 0.1411701 | M12: =VLOOKUP(A12,RANKING!A:C,3,0) -> 61 | Q12: =IF(C12>=50%,1,0) -> 0 | R12: =IF(D12>=50%,1,0) -> 0 | S12: =IF(E12>=50%,1,0) -> 0 | T12: =IF(F12>=50%,1,0) -> 0 | U12: =IF(G12>=50%,1,0) -> 0 | V12: =IF(H12>=50%,1,0) -> 0 | W12: =IF(I12>=50%,1,0) -> 0 | X12: =IF(J12>=50%,1,0) -> 0 | Y12: =IF(K12>=50%,1,0) -> 0 | Z12: =SUM(Q12:Y12) -> 0 | AA12: =IF(C12>=100%,1,0) -> 0 | AB12: =IF(D12>=100%,1,0) -> 0 | AC12: =IF(E12>=100%,1,0) -> 0 | AD12: =IF(F12>=100%,1,0) -> 0 | AE12: =IF(G12>=100%,1,0) -> 0 | AF12: =IF(H12>=100%,1,0) -> 0 | AG12: =IF(I12>=100%,1,0) -> 0 | AH12: =IF(J12>=100%,1,0) -> 0 | AI12: =IF(K12>=100%,1,0) -> 0 | AJ12: =SUM(AA12:AI12) -> 0
A13: 302 | B13: MARTINEZ DIEGO MAXIMILIANO | C13: =VLOOKUP(A13,INCENTIVO!A:E,5,0) -> 0.29411765 | D13: =VLOOKUP(A13,INCENTIVO!A:H,8,0) -> 0.38888889 | E13: =VLOOKUP(A13,INCENTIVO!A:K,11,0) -> 0.42105263 | F13: =VLOOKUP(A13,INCENTIVO!A:N,14,0) -> 0 | G13: =VLOOKUP(A13,INCENTIVO!A:Q,17,0) -> 0 | H13: =VLOOKUP(A13,INCENTIVO!A:T,20,0) -> 0.33333333 | I13: =VLOOKUP(A13,INCENTIVO!A:W,23,0) -> 0.25 | J13: =VLOOKUP(A13,INCENTIVO!A:Z,26,0) -> 0.21946818 | K13: =VLOOKUP(A13,INCENTIVO!A:AC,29,0) -> 0.2 | L13: =AVERAGE(C13:J13) -> 0.23835759 | M13: =VLOOKUP(A13,RANKING!A:C,3,0) -> 33 | O13: UNIDADES = 1 CCC | Q13: =IF(C13>=50%,1,0) -> 0 | R13: =IF(D13>=50%,1,0) -> 0 | S13: =IF(E13>=50%,1,0) -> 0 | T13: =IF(F13>=50%,1,0) -> 0 | U13: =IF(G13>=50%,1,0) -> 0 | V13: =IF(H13>=50%,1,0) -> 0 | W13: =IF(I13>=50%,1,0) -> 0 | X13: =IF(J13>=50%,1,0) -> 0 | Y13: =IF(K13>=50%,1,0) -> 0 | Z13: =SUM(Q13:Y13) -> 0 | AA13: =IF(C13>=100%,1,0) -> 0 | AB13: =IF(D13>=100%,1,0) -> 0 | AC13: =IF(E13>=100%,1,0) -> 0 | AD13: =IF(F13>=100%,1,0) -> 0 | AE13: =IF(G13>=100%,1,0) -> 0 | AF13: =IF(H13>=100%,1,0) -> 0 | AG13: =IF(I13>=100%,1,0) -> 0 | AH13: =IF(J13>=100%,1,0) -> 0 | AI13: =IF(K13>=100%,1,0) -> 0 | AJ13: =SUM(AA13:AI13) -> 0
A14: 440 | B14: MARQUEZ PABLO SERGIO | C14: =VLOOKUP(A14,INCENTIVO!A:E,5,0) -> 0.071428571 | D14: =VLOOKUP(A14,INCENTIVO!A:H,8,0) -> 0.66666667 | E14: =VLOOKUP(A14,INCENTIVO!A:K,11,0) -> 0.25 | F14: =VLOOKUP(A14,INCENTIVO!A:N,14,0) -> 0 | G14: =VLOOKUP(A14,INCENTIVO!A:Q,17,0) -> 0 | H14: =VLOOKUP(A14,INCENTIVO!A:T,20,0) -> 0.17391304 | I14: =VLOOKUP(A14,INCENTIVO!A:W,23,0) -> 0.52941176 | J14: =VLOOKUP(A14,INCENTIVO!A:Z,26,0) -> 0.066215918 | K14: =VLOOKUP(A14,INCENTIVO!A:AC,29,0) -> 0.25 | L14: =AVERAGE(C14:J14) -> 0.2197045 | M14: =VLOOKUP(A14,RANKING!A:C,3,0) -> 36 | O14: Hileret = 18 unidades | Q14: =IF(C14>=50%,1,0) -> 0 | R14: =IF(D14>=50%,1,0) -> 1 | S14: =IF(E14>=50%,1,0) -> 0 | T14: =IF(F14>=50%,1,0) -> 0 | U14: =IF(G14>=50%,1,0) -> 0 | V14: =IF(H14>=50%,1,0) -> 0 | W14: =IF(I14>=50%,1,0) -> 1 | X14: =IF(J14>=50%,1,0) -> 0 | Y14: =IF(K14>=50%,1,0) -> 0 | Z14: =SUM(Q14:Y14) -> 2 | AA14: =IF(C14>=100%,1,0) -> 0 | AB14: =IF(D14>=100%,1,0) -> 0 | AC14: =IF(E14>=100%,1,0) -> 0 | AD14: =IF(F14>=100%,1,0) -> 0 | AE14: =IF(G14>=100%,1,0) -> 0 | AF14: =IF(H14>=100%,1,0) -> 0 | AG14: =IF(I14>=100%,1,0) -> 0 | AH14: =IF(J14>=100%,1,0) -> 0 | AI14: =IF(K14>=100%,1,0) -> 0 | AJ14: =SUM(AA14:AI14) -> 0
A15: 401 | B15: VILAQUI ALBERTO ENRIQUE | C15: =VLOOKUP(A15,INCENTIVO!A:E,5,0) -> 0.15384615 | D15: =VLOOKUP(A15,INCENTIVO!A:H,8,0) -> 0.53846154 | E15: =VLOOKUP(A15,INCENTIVO!A:K,11,0) -> 0.071428571 | F15: =VLOOKUP(A15,INCENTIVO!A:N,14,0) -> 0 | G15: =VLOOKUP(A15,INCENTIVO!A:Q,17,0) -> 0 | H15: =VLOOKUP(A15,INCENTIVO!A:T,20,0) -> 0.15 | I15: =VLOOKUP(A15,INCENTIVO!A:W,23,0) -> 0.26666667 | J15: =VLOOKUP(A15,INCENTIVO!A:Z,26,0) -> 0.20470057 | K15: =VLOOKUP(A15,INCENTIVO!A:AC,29,0) -> 0.18181818 | L15: =AVERAGE(C15:J15) -> 0.17313794 | M15: =VLOOKUP(A15,RANKING!A:C,3,0) -> 45 | O15: Elvive = 24 unidades | Q15: =IF(C15>=50%,1,0) -> 0 | R15: =IF(D15>=50%,1,0) -> 1 | S15: =IF(E15>=50%,1,0) -> 0 | T15: =IF(F15>=50%,1,0) -> 0 | U15: =IF(G15>=50%,1,0) -> 0 | V15: =IF(H15>=50%,1,0) -> 0 | W15: =IF(I15>=50%,1,0) -> 0 | X15: =IF(J15>=50%,1,0) -> 0 | Y15: =IF(K15>=50%,1,0) -> 0 | Z15: =SUM(Q15:Y15) -> 1 | AA15: =IF(C15>=100%,1,0) -> 0 | AB15: =IF(D15>=100%,1,0) -> 0 | AC15: =IF(E15>=100%,1,0) -> 0 | AD15: =IF(F15>=100%,1,0) -> 0 | AE15: =IF(G15>=100%,1,0) -> 0 | AF15: =IF(H15>=100%,1,0) -> 0 | AG15: =IF(I15>=100%,1,0) -> 0 | AH15: =IF(J15>=100%,1,0) -> 0 | AI15: =IF(K15>=100%,1,0) -> 0 | AJ15: =SUM(AA15:AI15) -> 0
A16: 422 | B16: MICELI ARNALDO | C16: =VLOOKUP(A16,INCENTIVO!A:E,5,0) -> 0 | D16: =VLOOKUP(A16,INCENTIVO!A:H,8,0) -> 0.53333333 | E16: =VLOOKUP(A16,INCENTIVO!A:K,11,0) -> 0.4375 | F16: =VLOOKUP(A16,INCENTIVO!A:N,14,0) -> 0.125 | G16: =VLOOKUP(A16,INCENTIVO!A:Q,17,0) -> 0.41666667 | H16: =VLOOKUP(A16,INCENTIVO!A:T,20,0) -> 0.59090909 | I16: =VLOOKUP(A16,INCENTIVO!A:W,23,0) -> 0.23529412 | J16: =VLOOKUP(A16,INCENTIVO!A:Z,26,0) -> 0.20321064 | K16: =VLOOKUP(A16,INCENTIVO!A:AC,29,0) -> 0.41666667 | L16: =AVERAGE(C16:J16) -> 0.31773923 | M16: =VLOOKUP(A16,RANKING!A:C,3,0) -> 20 | O16: Carefree - Siempre Libre = 18 unidades | Q16: =IF(C16>=50%,1,0) -> 0 | R16: =IF(D16>=50%,1,0) -> 1 | S16: =IF(E16>=50%,1,0) -> 0 | T16: =IF(F16>=50%,1,0) -> 0 | U16: =IF(G16>=50%,1,0) -> 0 | V16: =IF(H16>=50%,1,0) -> 1 | W16: =IF(I16>=50%,1,0) -> 0 | X16: =IF(J16>=50%,1,0) -> 0 | Y16: =IF(K16>=50%,1,0) -> 0 | Z16: =SUM(Q16:Y16) -> 2 | AA16: =IF(C16>=100%,1,0) -> 0 | AB16: =IF(D16>=100%,1,0) -> 0 | AC16: =IF(E16>=100%,1,0) -> 0 | AD16: =IF(F16>=100%,1,0) -> 0 | AE16: =IF(G16>=100%,1,0) -> 0 | AF16: =IF(H16>=100%,1,0) -> 0 | AG16: =IF(I16>=100%,1,0) -> 0 | AH16: =IF(J16>=100%,1,0) -> 0 | AI16: =IF(K16>=100%,1,0) -> 0 | AJ16: =SUM(AA16:AI16) -> 0
A17: 470 | B17: DELBON GERARDO | C17: =VLOOKUP(A17,INCENTIVO!A:E,5,0) -> 0 | D17: =VLOOKUP(A17,INCENTIVO!A:H,8,0) -> 0.61538462 | E17: =VLOOKUP(A17,INCENTIVO!A:K,11,0) -> 0.21428571 | F17: =VLOOKUP(A17,INCENTIVO!A:N,14,0) -> 0 | G17: =VLOOKUP(A17,INCENTIVO!A:Q,17,0) -> 0 | H17: =VLOOKUP(A17,INCENTIVO!A:T,20,0) -> 0.5 | I17: =VLOOKUP(A17,INCENTIVO!A:W,23,0) -> 0.26666667 | J17: =VLOOKUP(A17,INCENTIVO!A:Z,26,0) -> 0.76800203 | K17: =VLOOKUP(A17,INCENTIVO!A:AC,29,0) -> 0.45454545 | L17: =AVERAGE(C17:J17) -> 0.29554238 | M17: =VLOOKUP(A17,RANKING!A:C,3,0) -> 23 | O17: 12U Calipso y 6U Nosotras | Q17: =IF(C17>=50%,1,0) -> 0 | R17: =IF(D17>=50%,1,0) -> 1 | S17: =IF(E17>=50%,1,0) -> 0 | T17: =IF(F17>=50%,1,0) -> 0 | U17: =IF(G17>=50%,1,0) -> 0 | V17: =IF(H17>=50%,1,0) -> 1 | W17: =IF(I17>=50%,1,0) -> 0 | X17: =IF(J17>=50%,1,0) -> 1 | Y17: =IF(K17>=50%,1,0) -> 0 | Z17: =SUM(Q17:Y17) -> 3 | AA17: =IF(C17>=100%,1,0) -> 0 | AB17: =IF(D17>=100%,1,0) -> 0 | AC17: =IF(E17>=100%,1,0) -> 0 | AD17: =IF(F17>=100%,1,0) -> 0 | AE17: =IF(G17>=100%,1,0) -> 0 | AF17: =IF(H17>=100%,1,0) -> 0 | AG17: =IF(I17>=100%,1,0) -> 0 | AH17: =IF(J17>=100%,1,0) -> 0 | AI17: =IF(K17>=100%,1,0) -> 0 | AJ17: =SUM(AA17:AI17) -> 0
A18: 423 | B18: SOLA DANIEL DANIEL | C18: =VLOOKUP(A18,INCENTIVO!A:E,5,0) -> 0.33333333 | D18: =VLOOKUP(A18,INCENTIVO!A:H,8,0) -> 0.5625 | E18: =VLOOKUP(A18,INCENTIVO!A:K,11,0) -> 0.47058824 | F18: =VLOOKUP(A18,INCENTIVO!A:N,14,0) -> 0.29411765 | G18: =VLOOKUP(A18,INCENTIVO!A:Q,17,0) -> 0.076923077 | H18: =VLOOKUP(A18,INCENTIVO!A:T,20,0) -> 0.54166667 | I18: =VLOOKUP(A18,INCENTIVO!A:W,23,0) -> 0.5 | J18: =VLOOKUP(A18,INCENTIVO!A:Z,26,0) -> 0.064654243 | K18: =VLOOKUP(A18,INCENTIVO!A:AC,29,0) -> 0.23076923 | L18: =AVERAGE(C18:J18) -> 0.3554729 | M18: =VLOOKUP(A18,RANKING!A:C,3,0) -> 10 | O18: Elegante = 24 unidades | Q18: =IF(C18>=50%,1,0) -> 0 | R18: =IF(D18>=50%,1,0) -> 1 | S18: =IF(E18>=50%,1,0) -> 0 | T18: =IF(F18>=50%,1,0) -> 0 | U18: =IF(G18>=50%,1,0) -> 0 | V18: =IF(H18>=50%,1,0) -> 1 | W18: =IF(I18>=50%,1,0) -> 1 | X18: =IF(J18>=50%,1,0) -> 0 | Y18: =IF(K18>=50%,1,0) -> 0 | Z18: =SUM(Q18:Y18) -> 3 | AA18: =IF(C18>=100%,1,0) -> 0 | AB18: =IF(D18>=100%,1,0) -> 0 | AC18: =IF(E18>=100%,1,0) -> 0 | AD18: =IF(F18>=100%,1,0) -> 0 | AE18: =IF(G18>=100%,1,0) -> 0 | AF18: =IF(H18>=100%,1,0) -> 0 | AG18: =IF(I18>=100%,1,0) -> 0 | AH18: =IF(J18>=100%,1,0) -> 0 | AI18: =IF(K18>=100%,1,0) -> 0 | AJ18: =SUM(AA18:AI18) -> 0
A19: 445 | B19: DI PRIETO DIEGO | C19: =VLOOKUP(A19,INCENTIVO!A:E,5,0) -> 0.13333333 | D19: =VLOOKUP(A19,INCENTIVO!A:H,8,0) -> 0.1875 | E19: =VLOOKUP(A19,INCENTIVO!A:K,11,0) -> 0.058823529 | F19: =VLOOKUP(A19,INCENTIVO!A:N,14,0) -> 0 | G19: =VLOOKUP(A19,INCENTIVO!A:Q,17,0) -> 0 | H19: =VLOOKUP(A19,INCENTIVO!A:T,20,0) -> 0.2173913 | I19: =VLOOKUP(A19,INCENTIVO!A:W,23,0) -> 0.22222222 | J19: =VLOOKUP(A19,INCENTIVO!A:Z,26,0) -> 0.2346626 | K19: =VLOOKUP(A19,INCENTIVO!A:AC,29,0) -> 0.076923077 | L19: =AVERAGE(C19:J19) -> 0.13174162 | M19: =VLOOKUP(A19,RANKING!A:C,3,0) -> 69 | O19: Cif = 24 unidades | Q19: =IF(C19>=50%,1,0) -> 0 | R19: =IF(D19>=50%,1,0) -> 0 | S19: =IF(E19>=50%,1,0) -> 0 | T19: =IF(F19>=50%,1,0) -> 0 | U19: =IF(G19>=50%,1,0) -> 0 | V19: =IF(H19>=50%,1,0) -> 0 | W19: =IF(I19>=50%,1,0) -> 0 | X19: =IF(J19>=50%,1,0) -> 0 | Y19: =IF(K19>=50%,1,0) -> 0 | Z19: =SUM(Q19:Y19) -> 0 | AA19: =IF(C19>=100%,1,0) -> 0 | AB19: =IF(D19>=100%,1,0) -> 0 | AC19: =IF(E19>=100%,1,0) -> 0 | AD19: =IF(F19>=100%,1,0) -> 0 | AE19: =IF(G19>=100%,1,0) -> 0 | AF19: =IF(H19>=100%,1,0) -> 0 | AG19: =IF(I19>=100%,1,0) -> 0 | AH19: =IF(J19>=100%,1,0) -> 0 | AI19: =IF(K19>=100%,1,0) -> 0 | AJ19: =SUM(AA19:AI19) -> 0
A20: 490 | B20: NUÑEZ ANDRES | C20: =VLOOKUP(A20,INCENTIVO!A:E,5,0) -> 0 | D20: =VLOOKUP(A20,INCENTIVO!A:H,8,0) -> 0.38461538 | E20: =VLOOKUP(A20,INCENTIVO!A:K,11,0) -> 0.076923077 | F20: =VLOOKUP(A20,INCENTIVO!A:N,14,0) -> 0 | G20: =VLOOKUP(A20,INCENTIVO!A:Q,17,0) -> 0.1 | H20: =VLOOKUP(A20,INCENTIVO!A:T,20,0) -> 0.31578947 | I20: =VLOOKUP(A20,INCENTIVO!A:W,23,0) -> 0.35714286 | J20: =VLOOKUP(A20,INCENTIVO!A:Z,26,0) -> 0.27649995 | K20: =VLOOKUP(A20,INCENTIVO!A:AC,29,0) -> 0 | L20: =AVERAGE(C20:J20) -> 0.18887134 | M20: =VLOOKUP(A20,RANKING!A:C,3,0) -> 41 | O20: Arlistan - Cruz Malta = 48 unidades | Q20: =IF(C20>=50%,1,0) -> 0 | R20: =IF(D20>=50%,1,0) -> 0 | S20: =IF(E20>=50%,1,0) -> 0 | T20: =IF(F20>=50%,1,0) -> 0 | U20: =IF(G20>=50%,1,0) -> 0 | V20: =IF(H20>=50%,1,0) -> 0 | W20: =IF(I20>=50%,1,0) -> 0 | X20: =IF(J20>=50%,1,0) -> 0 | Y20: =IF(K20>=50%,1,0) -> 0 | Z20: =SUM(Q20:Y20) -> 0 | AA20: =IF(C20>=100%,1,0) -> 0 | AB20: =IF(D20>=100%,1,0) -> 0 | AC20: =IF(E20>=100%,1,0) -> 0 | AD20: =IF(F20>=100%,1,0) -> 0 | AE20: =IF(G20>=100%,1,0) -> 0 | AF20: =IF(H20>=100%,1,0) -> 0 | AG20: =IF(I20>=100%,1,0) -> 0 | AH20: =IF(J20>=100%,1,0) -> 0 | AI20: =IF(K20>=100%,1,0) -> 0 | AJ20: =SUM(AA20:AI20) -> 0
A21: Zona 750 | B21: Oscar Lavalle | C21: =VLOOKUP(A21,INCENTIVO!A:E,5,0) -> 0.14285714 | D21: =VLOOKUP(A21,INCENTIVO!A:H,8,0) -> 0.44360902 | E21: =VLOOKUP(A21,INCENTIVO!A:K,11,0) -> 0.24113475 | F21: =VLOOKUP(A21,INCENTIVO!A:N,14,0) -> 0.04964539 | G21: =VLOOKUP(A21,INCENTIVO!A:Q,17,0) -> 0.074074074 | H21: =VLOOKUP(A21,INCENTIVO!A:T,20,0) -> 0.35678392 | I21: =VLOOKUP(A21,INCENTIVO!A:W,23,0) -> 0.040268456 | J21: =VLOOKUP(A21,INCENTIVO!A:Z,26,0) -> 0.207175 | K21: =VLOOKUP(A21,INCENTIVO!A:AC,29,0) -> 0.037037037 | L21: =AVERAGE(C21:J21) -> 0.19444347 | O21: Downy= 12 Unidades | Q21: =IF(C21>=50%,1,0) -> 0 | R21: =IF(D21>=50%,1,0) -> 0 | S21: =IF(E21>=50%,1,0) -> 0 | T21: =IF(F21>=50%,1,0) -> 0 | U21: =IF(G21>=50%,1,0) -> 0 | V21: =IF(H21>=50%,1,0) -> 0 | W21: =IF(I21>=50%,1,0) -> 0 | X21: =IF(J21>=50%,1,0) -> 0 | Y21: =IF(K21>=50%,1,0) -> 0 | Z21: =SUM(Q21:Y21) -> 0 | AA21: =IF(C21>=100%,1,0) -> 0 | AB21: =IF(D21>=100%,1,0) -> 0 | AC21: =IF(E21>=100%,1,0) -> 0 | AD21: =IF(F21>=100%,1,0) -> 0 | AE21: =IF(G21>=100%,1,0) -> 0 | AF21: =IF(H21>=100%,1,0) -> 0 | AG21: =IF(I21>=100%,1,0) -> 0 | AH21: =IF(J21>=100%,1,0) -> 0 | AI21: =IF(K21>=100%,1,0) -> 0 | AJ21: =SUM(AA21:AI21) -> 0
A22: 310 | B22: BENITEZ GUSTAVO FABIAN | C22: =VLOOKUP(A22,INCENTIVO!A:E,5,0) -> 0.23076923 | D22: =VLOOKUP(A22,INCENTIVO!A:H,8,0) -> 0.23076923 | E22: =VLOOKUP(A22,INCENTIVO!A:K,11,0) -> 0 | F22: =VLOOKUP(A22,INCENTIVO!A:N,14,0) -> 0 | G22: =VLOOKUP(A22,INCENTIVO!A:Q,17,0) -> 0 | H22: =VLOOKUP(A22,INCENTIVO!A:T,20,0) -> 0.15 | I22: =VLOOKUP(A22,INCENTIVO!A:W,23,0) -> 0.2 | J22: =VLOOKUP(A22,INCENTIVO!A:Z,26,0) -> 0.061652121 | K22: =VLOOKUP(A22,INCENTIVO!A:AC,29,0) -> 0.18181818 | L22: =AVERAGE(C22:J22) -> 0.10914882 | M22: =VLOOKUP(A22,RANKING!A:C,3,0) -> 82 | Q22: =IF(C22>=50%,1,0) -> 0 | R22: =IF(D22>=50%,1,0) -> 0 | S22: =IF(E22>=50%,1,0) -> 0 | T22: =IF(F22>=50%,1,0) -> 0 | U22: =IF(G22>=50%,1,0) -> 0 | V22: =IF(H22>=50%,1,0) -> 0 | W22: =IF(I22>=50%,1,0) -> 0 | X22: =IF(J22>=50%,1,0) -> 0 | Y22: =IF(K22>=50%,1,0) -> 0 | Z22: =SUM(Q22:Y22) -> 0 | AA22: =IF(C22>=100%,1,0) -> 0 | AB22: =IF(D22>=100%,1,0) -> 0 | AC22: =IF(E22>=100%,1,0) -> 0 | AD22: =IF(F22>=100%,1,0) -> 0 | AE22: =IF(G22>=100%,1,0) -> 0 | AF22: =IF(H22>=100%,1,0) -> 0 | AG22: =IF(I22>=100%,1,0) -> 0 | AH22: =IF(J22>=100%,1,0) -> 0 | AI22: =IF(K22>=100%,1,0) -> 0 | AJ22: =SUM(AA22:AI22) -> 0
A23: 351 | B23: LATTRECCHIANA SANTIAGO | C23: =VLOOKUP(A23,INCENTIVO!A:E,5,0) -> 0.16666667 | D23: =VLOOKUP(A23,INCENTIVO!A:H,8,0) -> 0.30769231 | E23: =VLOOKUP(A23,INCENTIVO!A:K,11,0) -> 0.076923077 | F23: =VLOOKUP(A23,INCENTIVO!A:N,14,0) -> 0 | G23: =VLOOKUP(A23,INCENTIVO!A:Q,17,0) -> 0.1 | H23: =VLOOKUP(A23,INCENTIVO!A:T,20,0) -> 0.36842105 | I23: =VLOOKUP(A23,INCENTIVO!A:W,23,0) -> 0.28571429 | J23: =VLOOKUP(A23,INCENTIVO!A:Z,26,0) -> 0.047525947 | K23: =VLOOKUP(A23,INCENTIVO!A:AC,29,0) -> 0.3 | L23: =AVERAGE(C23:J23) -> 0.16911792 | M23: =VLOOKUP(A23,RANKING!A:C,3,0) -> 47 | Q23: =IF(C23>=50%,1,0) -> 0 | R23: =IF(D23>=50%,1,0) -> 0 | S23: =IF(E23>=50%,1,0) -> 0 | T23: =IF(F23>=50%,1,0) -> 0 | U23: =IF(G23>=50%,1,0) -> 0 | V23: =IF(H23>=50%,1,0) -> 0 | W23: =IF(I23>=50%,1,0) -> 0 | X23: =IF(J23>=50%,1,0) -> 0 | Y23: =IF(K23>=50%,1,0) -> 0 | Z23: =SUM(Q23:Y23) -> 0 | AA23: =IF(C23>=100%,1,0) -> 0 | AB23: =IF(D23>=100%,1,0) -> 0 | AC23: =IF(E23>=100%,1,0) -> 0 | AD23: =IF(F23>=100%,1,0) -> 0 | AE23: =IF(G23>=100%,1,0) -> 0 | AF23: =IF(H23>=100%,1,0) -> 0 | AG23: =IF(I23>=100%,1,0) -> 0 | AH23: =IF(J23>=100%,1,0) -> 0 | AI23: =IF(K23>=100%,1,0) -> 0 | AJ23: =SUM(AA23:AI23) -> 0
A24: 311 | B24: BOIS DARIO EMILIO | C24: =VLOOKUP(A24,INCENTIVO!A:E,5,0) -> 0.125 | D24: =VLOOKUP(A24,INCENTIVO!A:H,8,0) -> 0.29411765 | E24: =VLOOKUP(A24,INCENTIVO!A:K,11,0) -> 0 | F24: =VLOOKUP(A24,INCENTIVO!A:N,14,0) -> 0 | G24: =VLOOKUP(A24,INCENTIVO!A:Q,17,0) -> 0 | H24: =VLOOKUP(A24,INCENTIVO!A:T,20,0) -> 0.30769231 | I24: =VLOOKUP(A24,INCENTIVO!A:W,23,0) -> 0.10526316 | J24: =VLOOKUP(A24,INCENTIVO!A:Z,26,0) -> 0.17936669 | K24: =VLOOKUP(A24,INCENTIVO!A:AC,29,0) -> 0 | L24: =AVERAGE(C24:J24) -> 0.12642997 | M24: =VLOOKUP(A24,RANKING!A:C,3,0) -> 75 | Q24: =IF(C24>=50%,1,0) -> 0 | R24: =IF(D24>=50%,1,0) -> 0 | S24: =IF(E24>=50%,1,0) -> 0 | T24: =IF(F24>=50%,1,0) -> 0 | U24: =IF(G24>=50%,1,0) -> 0 | V24: =IF(H24>=50%,1,0) -> 0 | W24: =IF(I24>=50%,1,0) -> 0 | X24: =IF(J24>=50%,1,0) -> 0 | Y24: =IF(K24>=50%,1,0) -> 0 | Z24: =SUM(Q24:Y24) -> 0 | AA24: =IF(C24>=100%,1,0) -> 0 | AB24: =IF(D24>=100%,1,0) -> 0 | AC24: =IF(E24>=100%,1,0) -> 0 | AD24: =IF(F24>=100%,1,0) -> 0 | AE24: =IF(G24>=100%,1,0) -> 0 | AF24: =IF(H24>=100%,1,0) -> 0 | AG24: =IF(I24>=100%,1,0) -> 0 | AH24: =IF(J24>=100%,1,0) -> 0 | AI24: =IF(K24>=100%,1,0) -> 0 | AJ24: =SUM(AA24:AI24) -> 0
A25: 312 | B25: AGUIRRE CESAR OSCAR | C25: =VLOOKUP(A25,INCENTIVO!A:E,5,0) -> 0.21428571 | D25: =VLOOKUP(A25,INCENTIVO!A:H,8,0) -> 0.46666667 | E25: =VLOOKUP(A25,INCENTIVO!A:K,11,0) -> 0.5625 | F25: =VLOOKUP(A25,INCENTIVO!A:N,14,0) -> 0.0625 | G25: =VLOOKUP(A25,INCENTIVO!A:Q,17,0) -> 0.083333333 | H25: =VLOOKUP(A25,INCENTIVO!A:T,20,0) -> 0.59090909 | I25: =VLOOKUP(A25,INCENTIVO!A:W,23,0) -> 0.47058824 | J25: =VLOOKUP(A25,INCENTIVO!A:Z,26,0) -> 0.29124141 | K25: =VLOOKUP(A25,INCENTIVO!A:AC,29,0) -> 0.33333333 | L25: =AVERAGE(C25:J25) -> 0.34275306 | M25: =VLOOKUP(A25,RANKING!A:C,3,0) -> 15 | Q25: =IF(C25>=50%,1,0) -> 0 | R25: =IF(D25>=50%,1,0) -> 0 | S25: =IF(E25>=50%,1,0) -> 1 | T25: =IF(F25>=50%,1,0) -> 0 | U25: =IF(G25>=50%,1,0) -> 0 | V25: =IF(H25>=50%,1,0) -> 1 | W25: =IF(I25>=50%,1,0) -> 0 | X25: =IF(J25>=50%,1,0) -> 0 | Y25: =IF(K25>=50%,1,0) -> 0 | Z25: =SUM(Q25:Y25) -> 2 | AA25: =IF(C25>=100%,1,0) -> 0 | AB25: =IF(D25>=100%,1,0) -> 0 | AC25: =IF(E25>=100%,1,0) -> 0 | AD25: =IF(F25>=100%,1,0) -> 0 | AE25: =IF(G25>=100%,1,0) -> 0 | AF25: =IF(H25>=100%,1,0) -> 0 | AG25: =IF(I25>=100%,1,0) -> 0 | AH25: =IF(J25>=100%,1,0) -> 0 | AI25: =IF(K25>=100%,1,0) -> 0 | AJ25: =SUM(AA25:AI25) -> 0
A26: 313 | B26: MAGALLANES JOSE | C26: =VLOOKUP(A26,INCENTIVO!A:E,5,0) -> 0.125 | D26: =VLOOKUP(A26,INCENTIVO!A:H,8,0) -> 0.52941176 | E26: =VLOOKUP(A26,INCENTIVO!A:K,11,0) -> 0.11111111 | F26: =VLOOKUP(A26,INCENTIVO!A:N,14,0) -> 0.27777778 | G26: =VLOOKUP(A26,INCENTIVO!A:Q,17,0) -> 0.071428571 | H26: =VLOOKUP(A26,INCENTIVO!A:T,20,0) -> 0.24 | I26: =VLOOKUP(A26,INCENTIVO!A:W,23,0) -> 0.10526316 | J26: =VLOOKUP(A26,INCENTIVO!A:Z,26,0) -> 0.18114039 | K26: =VLOOKUP(A26,INCENTIVO!A:AC,29,0) -> 0.35714286 | L26: =AVERAGE(C26:J26) -> 0.2051416 | M26: =VLOOKUP(A26,RANKING!A:C,3,0) -> 39 | Q26: =IF(C26>=50%,1,0) -> 0 | R26: =IF(D26>=50%,1,0) -> 1 | S26: =IF(E26>=50%,1,0) -> 0 | T26: =IF(F26>=50%,1,0) -> 0 | U26: =IF(G26>=50%,1,0) -> 0 | V26: =IF(H26>=50%,1,0) -> 0 | W26: =IF(I26>=50%,1,0) -> 0 | X26: =IF(J26>=50%,1,0) -> 0 | Y26: =IF(K26>=50%,1,0) -> 0 | Z26: =SUM(Q26:Y26) -> 1 | AA26: =IF(C26>=100%,1,0) -> 0 | AB26: =IF(D26>=100%,1,0) -> 0 | AC26: =IF(E26>=100%,1,0) -> 0 | AD26: =IF(F26>=100%,1,0) -> 0 | AE26: =IF(G26>=100%,1,0) -> 0 | AF26: =IF(H26>=100%,1,0) -> 0 | AG26: =IF(I26>=100%,1,0) -> 0 | AH26: =IF(J26>=100%,1,0) -> 0 | AI26: =IF(K26>=100%,1,0) -> 0 | AJ26: =SUM(AA26:AI26) -> 0
A27: 338 | B27: SARIA JAVIER | C27: =VLOOKUP(A27,INCENTIVO!A:E,5,0) -> 0.083333333 | D27: =VLOOKUP(A27,INCENTIVO!A:H,8,0) -> 0.69230769 | E27: =VLOOKUP(A27,INCENTIVO!A:K,11,0) -> 0.21428571 | F27: =VLOOKUP(A27,INCENTIVO!A:N,14,0) -> 0.21428571 | G27: =VLOOKUP(A27,INCENTIVO!A:Q,17,0) -> 0 | H27: =VLOOKUP(A27,INCENTIVO!A:T,20,0) -> 0.26315789 | I27: =VLOOKUP(A27,INCENTIVO!A:W,23,0) -> 0.33333333 | J27: =VLOOKUP(A27,INCENTIVO!A:Z,26,0) -> 0.87277205 | K27: =VLOOKUP(A27,INCENTIVO!A:AC,29,0) -> 0.45454545 | L27: =AVERAGE(C27:J27) -> 0.33418447 | M27: =VLOOKUP(A27,RANKING!A:C,3,0) -> 18 | Q27: =IF(C27>=50%,1,0) -> 0 | R27: =IF(D27>=50%,1,0) -> 1 | S27: =IF(E27>=50%,1,0) -> 0 | T27: =IF(F27>=50%,1,0) -> 0 | U27: =IF(G27>=50%,1,0) -> 0 | V27: =IF(H27>=50%,1,0) -> 0 | W27: =IF(I27>=50%,1,0) -> 0 | X27: =IF(J27>=50%,1,0) -> 1 | Y27: =IF(K27>=50%,1,0) -> 0 | Z27: =SUM(Q27:Y27) -> 2 | AA27: =IF(C27>=100%,1,0) -> 0 | AB27: =IF(D27>=100%,1,0) -> 0 | AC27: =IF(E27>=100%,1,0) -> 0 | AD27: =IF(F27>=100%,1,0) -> 0 | AE27: =IF(G27>=100%,1,0) -> 0 | AF27: =IF(H27>=100%,1,0) -> 0 | AG27: =IF(I27>=100%,1,0) -> 0 | AH27: =IF(J27>=100%,1,0) -> 0 | AI27: =IF(K27>=100%,1,0) -> 0 | AJ27: =SUM(AA27:AI27) -> 0
A28: 303 | B28: SEGOVIA KARINA | C28: =VLOOKUP(A28,INCENTIVO!A:E,5,0) -> 0.64285714 | D28: =VLOOKUP(A28,INCENTIVO!A:H,8,0) -> 0.66666667 | E28: =VLOOKUP(A28,INCENTIVO!A:K,11,0) -> 0.375 | F28: =VLOOKUP(A28,INCENTIVO!A:N,14,0) -> 0.4375 | G28: =VLOOKUP(A28,INCENTIVO!A:Q,17,0) -> 0.38461538 | H28: =VLOOKUP(A28,INCENTIVO!A:T,20,0) -> 0.60869565 | I28: =VLOOKUP(A28,INCENTIVO!A:W,23,0) -> 0.41176471 | J28: =VLOOKUP(A28,INCENTIVO!A:Z,26,0) -> 0.42413911 | K28: =VLOOKUP(A28,INCENTIVO!A:AC,29,0) -> 0.15384615 | L28: =AVERAGE(C28:J28) -> 0.49390483 | M28: =VLOOKUP(A28,RANKING!A:C,3,0) -> 5 | Q28: =IF(C28>=50%,1,0) -> 1 | R28: =IF(D28>=50%,1,0) -> 1 | S28: =IF(E28>=50%,1,0) -> 0 | T28: =IF(F28>=50%,1,0) -> 0 | U28: =IF(G28>=50%,1,0) -> 0 | V28: =IF(H28>=50%,1,0) -> 1 | W28: =IF(I28>=50%,1,0) -> 0 | X28: =IF(J28>=50%,1,0) -> 0 | Y28: =IF(K28>=50%,1,0) -> 0 | Z28: =SUM(Q28:Y28) -> 3 | AA28: =IF(C28>=100%,1,0) -> 0 | AB28: =IF(D28>=100%,1,0) -> 0 | AC28: =IF(E28>=100%,1,0) -> 0 | AD28: =IF(F28>=100%,1,0) -> 0 | AE28: =IF(G28>=100%,1,0) -> 0 | AF28: =IF(H28>=100%,1,0) -> 0 | AG28: =IF(I28>=100%,1,0) -> 0 | AH28: =IF(J28>=100%,1,0) -> 0 | AI28: =IF(K28>=100%,1,0) -> 0 | AJ28: =SUM(AA28:AI28) -> 0
A29: 354 | B29: AGUIRRE CARLOS ALBERTO | C29: =VLOOKUP(A29,INCENTIVO!A:E,5,0) -> 0.26666667 | D29: =VLOOKUP(A29,INCENTIVO!A:H,8,0) -> 0.75 | E29: =VLOOKUP(A29,INCENTIVO!A:K,11,0) -> 0.41176471 | F29: =VLOOKUP(A29,INCENTIVO!A:N,14,0) -> 0 | G29: =VLOOKUP(A29,INCENTIVO!A:Q,17,0) -> 0.076923077 | H29: =VLOOKUP(A29,INCENTIVO!A:T,20,0) -> 0.24 | I29: =VLOOKUP(A29,INCENTIVO!A:W,23,0) -> 0.16666667 | J29: =VLOOKUP(A29,INCENTIVO!A:Z,26,0) -> 0.14652736 | K29: =VLOOKUP(A29,INCENTIVO!A:AC,29,0) -> 0.38461538 | L29: =AVERAGE(C29:J29) -> 0.25731856 | M29: =VLOOKUP(A29,RANKING!A:C,3,0) -> 31 | Q29: =IF(C29>=50%,1,0) -> 0 | R29: =IF(D29>=50%,1,0) -> 1 | S29: =IF(E29>=50%,1,0) -> 0 | T29: =IF(F29>=50%,1,0) -> 0 | U29: =IF(G29>=50%,1,0) -> 0 | V29: =IF(H29>=50%,1,0) -> 0 | W29: =IF(I29>=50%,1,0) -> 0 | X29: =IF(J29>=50%,1,0) -> 0 | Y29: =IF(K29>=50%,1,0) -> 0 | Z29: =SUM(Q29:Y29) -> 1 | AA29: =IF(C29>=100%,1,0) -> 0 | AB29: =IF(D29>=100%,1,0) -> 0 | AC29: =IF(E29>=100%,1,0) -> 0 | AD29: =IF(F29>=100%,1,0) -> 0 | AE29: =IF(G29>=100%,1,0) -> 0 | AF29: =IF(H29>=100%,1,0) -> 0 | AG29: =IF(I29>=100%,1,0) -> 0 | AH29: =IF(J29>=100%,1,0) -> 0 | AI29: =IF(K29>=100%,1,0) -> 0 | AJ29: =SUM(AA29:AI29) -> 0
A30: 341 | B30: SOTO NICOLAS EZEQUIEL | C30: =VLOOKUP(A30,INCENTIVO!A:E,5,0) -> 0.61538462 | D30: =VLOOKUP(A30,INCENTIVO!A:H,8,0) -> 0.71428571 | E30: =VLOOKUP(A30,INCENTIVO!A:K,11,0) -> 0.53333333 | F30: =VLOOKUP(A30,INCENTIVO!A:N,14,0) -> 0.53333333 | G30: =VLOOKUP(A30,INCENTIVO!A:Q,17,0) -> 0.090909091 | H30: =VLOOKUP(A30,INCENTIVO!A:T,20,0) -> 0.57142857 | I30: =VLOOKUP(A30,INCENTIVO!A:W,23,0) -> 0.33333333 | J30: =VLOOKUP(A30,INCENTIVO!A:Z,26,0) -> 1.9247707 | K30: =VLOOKUP(A30,INCENTIVO!A:AC,29,0) -> 0.18181818 | L30: =AVERAGE(C30:J30) -> 0.66459733 | M30: =VLOOKUP(A30,RANKING!A:C,3,0) -> 2 | Q30: =IF(C30>=50%,1,0) -> 1 | R30: =IF(D30>=50%,1,0) -> 1 | S30: =IF(E30>=50%,1,0) -> 1 | T30: =IF(F30>=50%,1,0) -> 1 | U30: =IF(G30>=50%,1,0) -> 0 | V30: =IF(H30>=50%,1,0) -> 1 | W30: =IF(I30>=50%,1,0) -> 0 | X30: =IF(J30>=50%,1,0) -> 1 | Y30: =IF(K30>=50%,1,0) -> 0 | Z30: =SUM(Q30:Y30) -> 6 | AA30: =IF(C30>=100%,1,0) -> 0 | AB30: =IF(D30>=100%,1,0) -> 0 | AC30: =IF(E30>=100%,1,0) -> 0 | AD30: =IF(F30>=100%,1,0) -> 0 | AE30: =IF(G30>=100%,1,0) -> 0 | AF30: =IF(H30>=100%,1,0) -> 0 | AG30: =IF(I30>=100%,1,0) -> 0 | AH30: =IF(J30>=100%,1,0) -> 1 | AI30: =IF(K30>=100%,1,0) -> 0 | AJ30: =SUM(AA30:AI30) -> 1
A31: 314 | B31: BARRAUD PATRICIA | C31: =VLOOKUP(A31,INCENTIVO!A:E,5,0) -> 0.15384615 | D31: =VLOOKUP(A31,INCENTIVO!A:H,8,0) -> 0.38461538 | E31: =VLOOKUP(A31,INCENTIVO!A:K,11,0) -> 0 | F31: =VLOOKUP(A31,INCENTIVO!A:N,14,0) -> 0 | G31: =VLOOKUP(A31,INCENTIVO!A:Q,17,0) -> 0 | H31: =VLOOKUP(A31,INCENTIVO!A:T,20,0) -> 0.3 | I31: =VLOOKUP(A31,INCENTIVO!A:W,23,0) -> 0.13333333 | J31: =VLOOKUP(A31,INCENTIVO!A:Z,26,0) -> 0.25397353 | K31: =VLOOKUP(A31,INCENTIVO!A:AC,29,0) -> 0.090909091 | L31: =AVERAGE(C31:J31) -> 0.15322105 | M31: =VLOOKUP(A31,RANKING!A:C,3,0) -> 55 | Q31: =IF(C31>=50%,1,0) -> 0 | R31: =IF(D31>=50%,1,0) -> 0 | S31: =IF(E31>=50%,1,0) -> 0 | T31: =IF(F31>=50%,1,0) -> 0 | U31: =IF(G31>=50%,1,0) -> 0 | V31: =IF(H31>=50%,1,0) -> 0 | W31: =IF(I31>=50%,1,0) -> 0 | X31: =IF(J31>=50%,1,0) -> 0 | Y31: =IF(K31>=50%,1,0) -> 0 | Z31: =SUM(Q31:Y31) -> 0 | AA31: =IF(C31>=100%,1,0) -> 0 | AB31: =IF(D31>=100%,1,0) -> 0 | AC31: =IF(E31>=100%,1,0) -> 0 | AD31: =IF(F31>=100%,1,0) -> 0 | AE31: =IF(G31>=100%,1,0) -> 0 | AF31: =IF(H31>=100%,1,0) -> 0 | AG31: =IF(I31>=100%,1,0) -> 0 | AH31: =IF(J31>=100%,1,0) -> 0 | AI31: =IF(K31>=100%,1,0) -> 0 | AJ31: =SUM(AA31:AI31) -> 0
A32: Zona 800 | B32: Fabio Vazquez | C32: =VLOOKUP(A32,INCENTIVO!A:E,5,0) -> 0.26086957 | D32: =VLOOKUP(A32,INCENTIVO!A:H,8,0) -> 0.50684932 | E32: =VLOOKUP(A32,INCENTIVO!A:K,11,0) -> 0.23225806 | F32: =VLOOKUP(A32,INCENTIVO!A:N,14,0) -> 0.15483871 | G32: =VLOOKUP(A32,INCENTIVO!A:Q,17,0) -> 0.083333333 | H32: =VLOOKUP(A32,INCENTIVO!A:T,20,0) -> 0.36363636 | I32: =VLOOKUP(A32,INCENTIVO!A:W,23,0) -> 0.25 | J32: =VLOOKUP(A32,INCENTIVO!A:Z,26,0) -> 0.42291718 | K32: =VLOOKUP(A32,INCENTIVO!A:AC,29,0) -> 0.24166667 | L32: =AVERAGE(C32:J32) -> 0.28433782 | Q32: =IF(C32>=50%,1,0) -> 0 | R32: =IF(D32>=50%,1,0) -> 1 | S32: =IF(E32>=50%,1,0) -> 0 | T32: =IF(F32>=50%,1,0) -> 0 | U32: =IF(G32>=50%,1,0) -> 0 | V32: =IF(H32>=50%,1,0) -> 0 | W32: =IF(I32>=50%,1,0) -> 0 | X32: =IF(J32>=50%,1,0) -> 0 | Y32: =IF(K32>=50%,1,0) -> 0 | Z32: =SUM(Q32:Y32) -> 1 | AA32: =IF(C32>=100%,1,0) -> 0 | AB32: =IF(D32>=100%,1,0) -> 0 | AC32: =IF(E32>=100%,1,0) -> 0 | AD32: =IF(F32>=100%,1,0) -> 0 | AE32: =IF(G32>=100%,1,0) -> 0 | AF32: =IF(H32>=100%,1,0) -> 0 | AG32: =IF(I32>=100%,1,0) -> 0 | AH32: =IF(J32>=100%,1,0) -> 0 | AI32: =IF(K32>=100%,1,0) -> 0 | AJ32: =SUM(AA32:AI32) -> 0
A33: 315 | B33: PAZ TERESA | C33: =VLOOKUP(A33,INCENTIVO!A:E,5,0) -> 0.071428571 | D33: =VLOOKUP(A33,INCENTIVO!A:H,8,0) -> 0.53333333 | E33: =VLOOKUP(A33,INCENTIVO!A:K,11,0) -> 0.5625 | F33: =VLOOKUP(A33,INCENTIVO!A:N,14,0) -> 0 | G33: =VLOOKUP(A33,INCENTIVO!A:Q,17,0) -> 0.16666667 | H33: =VLOOKUP(A33,INCENTIVO!A:T,20,0) -> 0.54545455 | I33: =VLOOKUP(A33,INCENTIVO!A:W,23,0) -> 0.47058824 | J33: =VLOOKUP(A33,INCENTIVO!A:Z,26,0) -> 0.099425588 | K33: =VLOOKUP(A33,INCENTIVO!A:AC,29,0) -> 0.33333333 | L33: =AVERAGE(C33:J33) -> 0.30617462 | M33: =VLOOKUP(A33,RANKING!A:C,3,0) -> 21 | Q33: =IF(C33>=50%,1,0) -> 0 | R33: =IF(D33>=50%,1,0) -> 1 | S33: =IF(E33>=50%,1,0) -> 1 | T33: =IF(F33>=50%,1,0) -> 0 | U33: =IF(G33>=50%,1,0) -> 0 | V33: =IF(H33>=50%,1,0) -> 1 | W33: =IF(I33>=50%,1,0) -> 0 | X33: =IF(J33>=50%,1,0) -> 0 | Y33: =IF(K33>=50%,1,0) -> 0 | Z33: =SUM(Q33:Y33) -> 3 | AA33: =IF(C33>=100%,1,0) -> 0 | AB33: =IF(D33>=100%,1,0) -> 0 | AC33: =IF(E33>=100%,1,0) -> 0 | AD33: =IF(F33>=100%,1,0) -> 0 | AE33: =IF(G33>=100%,1,0) -> 0 | AF33: =IF(H33>=100%,1,0) -> 0 | AG33: =IF(I33>=100%,1,0) -> 0 | AH33: =IF(J33>=100%,1,0) -> 0 | AI33: =IF(K33>=100%,1,0) -> 0 | AJ33: =SUM(AA33:AI33) -> 0
A34: 316 | B34: CABELLO YURI CARMEN | C34: =VLOOKUP(A34,INCENTIVO!A:E,5,0) -> 0.42857143 | D34: =VLOOKUP(A34,INCENTIVO!A:H,8,0) -> 1 | E34: =VLOOKUP(A34,INCENTIVO!A:K,11,0) -> 0.5 | F34: =VLOOKUP(A34,INCENTIVO!A:N,14,0) -> 0.125 | G34: =VLOOKUP(A34,INCENTIVO!A:Q,17,0) -> 0 | H34: =VLOOKUP(A34,INCENTIVO!A:T,20,0) -> 0.77272727 | I34: =VLOOKUP(A34,INCENTIVO!A:W,23,0) -> 0.29411765 | J34: =VLOOKUP(A34,INCENTIVO!A:Z,26,0) -> 0.085234349 | K34: =VLOOKUP(A34,INCENTIVO!A:AC,29,0) -> 0.083333333 | L34: =AVERAGE(C34:J34) -> 0.40070634 | M34: =VLOOKUP(A34,RANKING!A:C,3,0) -> 8 | Q34: =IF(C34>=50%,1,0) -> 0 | R34: =IF(D34>=50%,1,0) -> 1 | S34: =IF(E34>=50%,1,0) -> 1 | T34: =IF(F34>=50%,1,0) -> 0 | U34: =IF(G34>=50%,1,0) -> 0 | V34: =IF(H34>=50%,1,0) -> 1 | W34: =IF(I34>=50%,1,0) -> 0 | X34: =IF(J34>=50%,1,0) -> 0 | Y34: =IF(K34>=50%,1,0) -> 0 | Z34: =SUM(Q34:Y34) -> 3 | AA34: =IF(C34>=100%,1,0) -> 0 | AB34: =IF(D34>=100%,1,0) -> 1 | AC34: =IF(E34>=100%,1,0) -> 0 | AD34: =IF(F34>=100%,1,0) -> 0 | AE34: =IF(G34>=100%,1,0) -> 0 | AF34: =IF(H34>=100%,1,0) -> 0 | AG34: =IF(I34>=100%,1,0) -> 0 | AH34: =IF(J34>=100%,1,0) -> 0 | AI34: =IF(K34>=100%,1,0) -> 0 | AJ34: =SUM(AA34:AI34) -> 1
A35: 317 | B35: CONFORTI FATIMA | C35: =VLOOKUP(A35,INCENTIVO!A:E,5,0) -> 0.6 | D35: =VLOOKUP(A35,INCENTIVO!A:H,8,0) -> 0.4375 | E35: =VLOOKUP(A35,INCENTIVO!A:K,11,0) -> 0.47058824 | F35: =VLOOKUP(A35,INCENTIVO!A:N,14,0) -> 0.11764706 | G35: =VLOOKUP(A35,INCENTIVO!A:Q,17,0) -> 0 | H35: =VLOOKUP(A35,INCENTIVO!A:T,20,0) -> 0.625 | I35: =VLOOKUP(A35,INCENTIVO!A:W,23,0) -> 0.33333333 | J35: =VLOOKUP(A35,INCENTIVO!A:Z,26,0) -> 0.23703498 | K35: =VLOOKUP(A35,INCENTIVO!A:AC,29,0) -> 0.38461538 | L35: =AVERAGE(C35:J35) -> 0.35263795 | M35: =VLOOKUP(A35,RANKING!A:C,3,0) -> 11 | Q35: =IF(C35>=50%,1,0) -> 1 | R35: =IF(D35>=50%,1,0) -> 0 | S35: =IF(E35>=50%,1,0) -> 0 | T35: =IF(F35>=50%,1,0) -> 0 | U35: =IF(G35>=50%,1,0) -> 0 | V35: =IF(H35>=50%,1,0) -> 1 | W35: =IF(I35>=50%,1,0) -> 0 | X35: =IF(J35>=50%,1,0) -> 0 | Y35: =IF(K35>=50%,1,0) -> 0 | Z35: =SUM(Q35:Y35) -> 2 | AA35: =IF(C35>=100%,1,0) -> 0 | AB35: =IF(D35>=100%,1,0) -> 0 | AC35: =IF(E35>=100%,1,0) -> 0 | AD35: =IF(F35>=100%,1,0) -> 0 | AE35: =IF(G35>=100%,1,0) -> 0 | AF35: =IF(H35>=100%,1,0) -> 0 | AG35: =IF(I35>=100%,1,0) -> 0 | AH35: =IF(J35>=100%,1,0) -> 0 | AI35: =IF(K35>=100%,1,0) -> 0 | AJ35: =SUM(AA35:AI35) -> 0
A36: 336 | B36: ALVAREZ MARTIN | C36: =VLOOKUP(A36,INCENTIVO!A:E,5,0) -> 0.30769231 | D36: =VLOOKUP(A36,INCENTIVO!A:H,8,0) -> 0.28571429 | E36: =VLOOKUP(A36,INCENTIVO!A:K,11,0) -> 0.066666667 | F36: =VLOOKUP(A36,INCENTIVO!A:N,14,0) -> 0 | G36: =VLOOKUP(A36,INCENTIVO!A:Q,17,0) -> 0 | H36: =VLOOKUP(A36,INCENTIVO!A:T,20,0) -> 0.28571429 | I36: =VLOOKUP(A36,INCENTIVO!A:W,23,0) -> 0.1875 | J36: =VLOOKUP(A36,INCENTIVO!A:Z,26,0) -> 0.31126888 | K36: =VLOOKUP(A36,INCENTIVO!A:AC,29,0) -> 0.25 | L36: =AVERAGE(C36:J36) -> 0.18056955 | M36: =VLOOKUP(A36,RANKING!A:C,3,0) -> 43 | Q36: =IF(C36>=50%,1,0) -> 0 | R36: =IF(D36>=50%,1,0) -> 0 | S36: =IF(E36>=50%,1,0) -> 0 | T36: =IF(F36>=50%,1,0) -> 0 | U36: =IF(G36>=50%,1,0) -> 0 | V36: =IF(H36>=50%,1,0) -> 0 | W36: =IF(I36>=50%,1,0) -> 0 | X36: =IF(J36>=50%,1,0) -> 0 | Y36: =IF(K36>=50%,1,0) -> 0 | Z36: =SUM(Q36:Y36) -> 0 | AA36: =IF(C36>=100%,1,0) -> 0 | AB36: =IF(D36>=100%,1,0) -> 0 | AC36: =IF(E36>=100%,1,0) -> 0 | AD36: =IF(F36>=100%,1,0) -> 0 | AE36: =IF(G36>=100%,1,0) -> 0 | AF36: =IF(H36>=100%,1,0) -> 0 | AG36: =IF(I36>=100%,1,0) -> 0 | AH36: =IF(J36>=100%,1,0) -> 0 | AI36: =IF(K36>=100%,1,0) -> 0 | AJ36: =SUM(AA36:AI36) -> 0
A37: 345 | B37: PEREZ LORENA SILVIA | C37: =VLOOKUP(A37,INCENTIVO!A:E,5,0) -> 0.13333333 | D37: =VLOOKUP(A37,INCENTIVO!A:H,8,0) -> 0.375 | E37: =VLOOKUP(A37,INCENTIVO!A:K,11,0) -> 0.17647059 | F37: =VLOOKUP(A37,INCENTIVO!A:N,14,0) -> 0 | G37: =VLOOKUP(A37,INCENTIVO!A:Q,17,0) -> 0 | H37: =VLOOKUP(A37,INCENTIVO!A:T,20,0) -> 0.25 | I37: =VLOOKUP(A37,INCENTIVO!A:W,23,0) -> 0 | J37: =VLOOKUP(A37,INCENTIVO!A:Z,26,0) -> 0.087687157 | K37: =VLOOKUP(A37,INCENTIVO!A:AC,29,0) -> 0.23076923 | L37: =AVERAGE(C37:J37) -> 0.12781138 | M37: =VLOOKUP(A37,RANKING!A:C,3,0) -> 73 | Q37: =IF(C37>=50%,1,0) -> 0 | R37: =IF(D37>=50%,1,0) -> 0 | S37: =IF(E37>=50%,1,0) -> 0 | T37: =IF(F37>=50%,1,0) -> 0 | U37: =IF(G37>=50%,1,0) -> 0 | V37: =IF(H37>=50%,1,0) -> 0 | W37: =IF(I37>=50%,1,0) -> 0 | X37: =IF(J37>=50%,1,0) -> 0 | Y37: =IF(K37>=50%,1,0) -> 0 | Z37: =SUM(Q37:Y37) -> 0 | AA37: =IF(C37>=100%,1,0) -> 0 | AB37: =IF(D37>=100%,1,0) -> 0 | AC37: =IF(E37>=100%,1,0) -> 0 | AD37: =IF(F37>=100%,1,0) -> 0 | AE37: =IF(G37>=100%,1,0) -> 0 | AF37: =IF(H37>=100%,1,0) -> 0 | AG37: =IF(I37>=100%,1,0) -> 0 | AH37: =IF(J37>=100%,1,0) -> 0 | AI37: =IF(K37>=100%,1,0) -> 0 | AJ37: =SUM(AA37:AI37) -> 0
A38: 375 | B38: RUIZ JULIANA | C38: =VLOOKUP(A38,INCENTIVO!A:E,5,0) -> 0.14285714 | D38: =VLOOKUP(A38,INCENTIVO!A:H,8,0) -> 0.8 | E38: =VLOOKUP(A38,INCENTIVO!A:K,11,0) -> 0.3125 | F38: =VLOOKUP(A38,INCENTIVO!A:N,14,0) -> 0.125 | G38: =VLOOKUP(A38,INCENTIVO!A:Q,17,0) -> 0.076923077 | H38: =VLOOKUP(A38,INCENTIVO!A:T,20,0) -> 0.34782609 | I38: =VLOOKUP(A38,INCENTIVO!A:W,23,0) -> 0.41176471 | J38: =VLOOKUP(A38,INCENTIVO!A:Z,26,0) -> 0.068045164 | K38: =VLOOKUP(A38,INCENTIVO!A:AC,29,0) -> 0.23076923 | L38: =AVERAGE(C38:J38) -> 0.28561452 | M38: =VLOOKUP(A38,RANKING!A:C,3,0) -> 24 | Q38: =IF(C38>=50%,1,0) -> 0 | R38: =IF(D38>=50%,1,0) -> 1 | S38: =IF(E38>=50%,1,0) -> 0 | T38: =IF(F38>=50%,1,0) -> 0 | U38: =IF(G38>=50%,1,0) -> 0 | V38: =IF(H38>=50%,1,0) -> 0 | W38: =IF(I38>=50%,1,0) -> 0 | X38: =IF(J38>=50%,1,0) -> 0 | Y38: =IF(K38>=50%,1,0) -> 0 | Z38: =SUM(Q38:Y38) -> 1 | AA38: =IF(C38>=100%,1,0) -> 0 | AB38: =IF(D38>=100%,1,0) -> 0 | AC38: =IF(E38>=100%,1,0) -> 0 | AD38: =IF(F38>=100%,1,0) -> 0 | AE38: =IF(G38>=100%,1,0) -> 0 | AF38: =IF(H38>=100%,1,0) -> 0 | AG38: =IF(I38>=100%,1,0) -> 0 | AH38: =IF(J38>=100%,1,0) -> 0 | AI38: =IF(K38>=100%,1,0) -> 0 | AJ38: =SUM(AA38:AI38) -> 0
A39: 361 | B39: VALENZUELA ALAN | C39: =VLOOKUP(A39,INCENTIVO!A:E,5,0) -> 0 | D39: =VLOOKUP(A39,INCENTIVO!A:H,8,0) -> 0.61538462 | E39: =VLOOKUP(A39,INCENTIVO!A:K,11,0) -> 0.14285714 | F39: =VLOOKUP(A39,INCENTIVO!A:N,14,0) -> 0 | G39: =VLOOKUP(A39,INCENTIVO!A:Q,17,0) -> 0 | H39: =VLOOKUP(A39,INCENTIVO!A:T,20,0) -> 0.15 | I39: =VLOOKUP(A39,INCENTIVO!A:W,23,0) -> 0.13333333 | J39: =VLOOKUP(A39,INCENTIVO!A:Z,26,0) -> 0.15580207 | K39: =VLOOKUP(A39,INCENTIVO!A:AC,29,0) -> 0.18181818 | L39: =AVERAGE(C39:J39) -> 0.14967215 | M39: =VLOOKUP(A39,RANKING!A:C,3,0) -> 57 | Q39: =IF(C39>=50%,1,0) -> 0 | R39: =IF(D39>=50%,1,0) -> 1 | S39: =IF(E39>=50%,1,0) -> 0 | T39: =IF(F39>=50%,1,0) -> 0 | U39: =IF(G39>=50%,1,0) -> 0 | V39: =IF(H39>=50%,1,0) -> 0 | W39: =IF(I39>=50%,1,0) -> 0 | X39: =IF(J39>=50%,1,0) -> 0 | Y39: =IF(K39>=50%,1,0) -> 0 | Z39: =SUM(Q39:Y39) -> 1 | AA39: =IF(C39>=100%,1,0) -> 0 | AB39: =IF(D39>=100%,1,0) -> 0 | AC39: =IF(E39>=100%,1,0) -> 0 | AD39: =IF(F39>=100%,1,0) -> 0 | AE39: =IF(G39>=100%,1,0) -> 0 | AF39: =IF(H39>=100%,1,0) -> 0 | AG39: =IF(I39>=100%,1,0) -> 0 | AH39: =IF(J39>=100%,1,0) -> 0 | AI39: =IF(K39>=100%,1,0) -> 0 | AJ39: =SUM(AA39:AI39) -> 0
A40: 370 | B40: SEISDEDOS TAMARA | C40: =VLOOKUP(A40,INCENTIVO!A:E,5,0) -> 0.36363636 | D40: =VLOOKUP(A40,INCENTIVO!A:H,8,0) -> 1.0833333 | E40: =VLOOKUP(A40,INCENTIVO!A:K,11,0) -> 0.30769231 | F40: =VLOOKUP(A40,INCENTIVO!A:N,14,0) -> 0.076923077 | G40: =VLOOKUP(A40,INCENTIVO!A:Q,17,0) -> 0 | H40: =VLOOKUP(A40,INCENTIVO!A:T,20,0) -> 0.38888889 | I40: =VLOOKUP(A40,INCENTIVO!A:W,23,0) -> 0.23076923 | J40: =VLOOKUP(A40,INCENTIVO!A:Z,26,0) -> 0.29612861 | K40: =VLOOKUP(A40,INCENTIVO!A:AC,29,0) -> 0.2 | L40: =AVERAGE(C40:J40) -> 0.34342148 | M40: =VLOOKUP(A40,RANKING!A:C,3,0) -> 14 | Q40: =IF(C40>=50%,1,0) -> 0 | R40: =IF(D40>=50%,1,0) -> 1 | S40: =IF(E40>=50%,1,0) -> 0 | T40: =IF(F40>=50%,1,0) -> 0 | U40: =IF(G40>=50%,1,0) -> 0 | V40: =IF(H40>=50%,1,0) -> 0 | W40: =IF(I40>=50%,1,0) -> 0 | X40: =IF(J40>=50%,1,0) -> 0 | Y40: =IF(K40>=50%,1,0) -> 0 | Z40: =SUM(Q40:Y40) -> 1 | AA40: =IF(C40>=100%,1,0) -> 0 | AB40: =IF(D40>=100%,1,0) -> 1 | AC40: =IF(E40>=100%,1,0) -> 0 | AD40: =IF(F40>=100%,1,0) -> 0 | AE40: =IF(G40>=100%,1,0) -> 0 | AF40: =IF(H40>=100%,1,0) -> 0 | AG40: =IF(I40>=100%,1,0) -> 0 | AH40: =IF(J40>=100%,1,0) -> 0 | AI40: =IF(K40>=100%,1,0) -> 0 | AJ40: =SUM(AA40:AI40) -> 1
A41: 352 | B41: ESPINOZA EMMANUEL AGUSTIN | C41: =VLOOKUP(A41,INCENTIVO!A:E,5,0) -> 0.066666667 | D41: =VLOOKUP(A41,INCENTIVO!A:H,8,0) -> 0.125 | E41: =VLOOKUP(A41,INCENTIVO!A:K,11,0) -> 0 | F41: =VLOOKUP(A41,INCENTIVO!A:N,14,0) -> 0 | G41: =VLOOKUP(A41,INCENTIVO!A:Q,17,0) -> 0.076923077 | H41: =VLOOKUP(A41,INCENTIVO!A:T,20,0) -> 0.083333333 | I41: =VLOOKUP(A41,INCENTIVO!A:W,23,0) -> 0.055555556 | J41: =VLOOKUP(A41,INCENTIVO!A:Z,26,0) -> 0.35361871 | K41: =VLOOKUP(A41,INCENTIVO!A:AC,29,0) -> 0.15384615 | L41: =AVERAGE(C41:J41) -> 0.095137168 | M41: =VLOOKUP(A41,RANKING!A:C,3,0) -> 85 | Q41: =IF(C41>=50%,1,0) -> 0 | R41: =IF(D41>=50%,1,0) -> 0 | S41: =IF(E41>=50%,1,0) -> 0 | T41: =IF(F41>=50%,1,0) -> 0 | U41: =IF(G41>=50%,1,0) -> 0 | V41: =IF(H41>=50%,1,0) -> 0 | W41: =IF(I41>=50%,1,0) -> 0 | X41: =IF(J41>=50%,1,0) -> 0 | Y41: =IF(K41>=50%,1,0) -> 0 | Z41: =SUM(Q41:Y41) -> 0 | AA41: =IF(C41>=100%,1,0) -> 0 | AB41: =IF(D41>=100%,1,0) -> 0 | AC41: =IF(E41>=100%,1,0) -> 0 | AD41: =IF(F41>=100%,1,0) -> 0 | AE41: =IF(G41>=100%,1,0) -> 0 | AF41: =IF(H41>=100%,1,0) -> 0 | AG41: =IF(I41>=100%,1,0) -> 0 | AH41: =IF(J41>=100%,1,0) -> 0 | AI41: =IF(K41>=100%,1,0) -> 0 | AJ41: =SUM(AA41:AI41) -> 0
A42: 340 | B42: MOLINA EMILIANO NAZARENO | C42: =VLOOKUP(A42,INCENTIVO!A:E,5,0) -> 0.25 | D42: =VLOOKUP(A42,INCENTIVO!A:H,8,0) -> 0.44444444 | E42: =VLOOKUP(A42,INCENTIVO!A:K,11,0) -> 0.15789474 | F42: =VLOOKUP(A42,INCENTIVO!A:N,14,0) -> 0 | G42: =VLOOKUP(A42,INCENTIVO!A:Q,17,0) -> 0 | H42: =VLOOKUP(A42,INCENTIVO!A:T,20,0) -> 0.11538462 | I42: =VLOOKUP(A42,INCENTIVO!A:W,23,0) -> 0 | J42: =VLOOKUP(A42,INCENTIVO!A:Z,26,0) -> 0.10082786 | K42: =VLOOKUP(A42,INCENTIVO!A:AC,29,0) -> 0.64285714 | L42: =AVERAGE(C42:J42) -> 0.13356896 | M42: =VLOOKUP(A42,RANKING!A:C,3,0) -> 67 | Q42: =IF(C42>=50%,1,0) -> 0 | R42: =IF(D42>=50%,1,0) -> 0 | S42: =IF(E42>=50%,1,0) -> 0 | T42: =IF(F42>=50%,1,0) -> 0 | U42: =IF(G42>=50%,1,0) -> 0 | V42: =IF(H42>=50%,1,0) -> 0 | W42: =IF(I42>=50%,1,0) -> 0 | X42: =IF(J42>=50%,1,0) -> 0 | Y42: =IF(K42>=50%,1,0) -> 1 | Z42: =SUM(Q42:Y42) -> 1 | AA42: =IF(C42>=100%,1,0) -> 0 | AB42: =IF(D42>=100%,1,0) -> 0 | AC42: =IF(E42>=100%,1,0) -> 0 | AD42: =IF(F42>=100%,1,0) -> 0 | AE42: =IF(G42>=100%,1,0) -> 0 | AF42: =IF(H42>=100%,1,0) -> 0 | AG42: =IF(I42>=100%,1,0) -> 0 | AH42: =IF(J42>=100%,1,0) -> 0 | AI42: =IF(K42>=100%,1,0) -> 0 | AJ42: =SUM(AA42:AI42) -> 0
A43: Zona 360 | B43: Angel Cardozo | C43: =VLOOKUP(A43,INCENTIVO!A:E,5,0) -> 0.23571429 | D43: =VLOOKUP(A43,INCENTIVO!A:H,8,0) -> 0.55333333 | E43: =VLOOKUP(A43,INCENTIVO!A:K,11,0) -> 0.26875 | F43: =VLOOKUP(A43,INCENTIVO!A:N,14,0) -> 0.04375 | G43: =VLOOKUP(A43,INCENTIVO!A:Q,17,0) -> 0.032520325 | H43: =VLOOKUP(A43,INCENTIVO!A:T,20,0) -> 0.35267857 | I43: =VLOOKUP(A43,INCENTIVO!A:W,23,0) -> 0.20710059 | J43: =VLOOKUP(A43,INCENTIVO!A:Z,26,0) -> 0.16469185 | K43: =VLOOKUP(A43,INCENTIVO!A:AC,29,0) -> 0.27642276 | L43: =AVERAGE(C43:J43) -> 0.23231737 | Q43: =IF(C43>=50%,1,0) -> 0 | R43: =IF(D43>=50%,1,0) -> 1 | S43: =IF(E43>=50%,1,0) -> 0 | T43: =IF(F43>=50%,1,0) -> 0 | U43: =IF(G43>=50%,1,0) -> 0 | V43: =IF(H43>=50%,1,0) -> 0 | W43: =IF(I43>=50%,1,0) -> 0 | X43: =IF(J43>=50%,1,0) -> 0 | Y43: =IF(K43>=50%,1,0) -> 0 | Z43: =SUM(Q43:Y43) -> 1 | AA43: =IF(C43>=100%,1,0) -> 0 | AB43: =IF(D43>=100%,1,0) -> 0 | AC43: =IF(E43>=100%,1,0) -> 0 | AD43: =IF(F43>=100%,1,0) -> 0 | AE43: =IF(G43>=100%,1,0) -> 0 | AF43: =IF(H43>=100%,1,0) -> 0 | AG43: =IF(I43>=100%,1,0) -> 0 | AH43: =IF(J43>=100%,1,0) -> 0 | AI43: =IF(K43>=100%,1,0) -> 0 | AJ43: =SUM(AA43:AI43) -> 0
A44: NORTE | B44: Gerardo Giurbino | C44: =VLOOKUP(A44,INCENTIVO!A:E,5,0) -> 0.23529412 | D44: =VLOOKUP(A44,INCENTIVO!A:H,8,0) -> 0.52214022 | E44: =VLOOKUP(A44,INCENTIVO!A:K,11,0) -> 0.25868056 | F44: =VLOOKUP(A44,INCENTIVO!A:N,14,0) -> 0.083333333 | G44: =VLOOKUP(A44,INCENTIVO!A:Q,17,0) -> 0.067567568 | H44: =VLOOKUP(A44,INCENTIVO!A:T,20,0) -> 0.33087331 | I44: =VLOOKUP(A44,INCENTIVO!A:W,23,0) -> 0.17241379 | J44: =VLOOKUP(A44,INCENTIVO!A:Z,26,0) -> 0.23631463 | K44: =VLOOKUP(A44,INCENTIVO!A:AC,29,0) -> 0.20495495 | L44: =AVERAGE(C44:J44) -> 0.23832719 | Q44: =IF(C44>=50%,1,0) -> 0 | R44: =IF(D44>=50%,1,0) -> 1 | S44: =IF(E44>=50%,1,0) -> 0 | T44: =IF(F44>=50%,1,0) -> 0 | U44: =IF(G44>=50%,1,0) -> 0 | V44: =IF(H44>=50%,1,0) -> 0 | W44: =IF(I44>=50%,1,0) -> 0 | X44: =IF(J44>=50%,1,0) -> 0 | Y44: =IF(K44>=50%,1,0) -> 0 | Z44: =SUM(Q44:Y44) -> 1 | AA44: =IF(C44>=100%,1,0) -> 0 | AB44: =IF(D44>=100%,1,0) -> 0 | AC44: =IF(E44>=100%,1,0) -> 0 | AD44: =IF(F44>=100%,1,0) -> 0 | AE44: =IF(G44>=100%,1,0) -> 0 | AF44: =IF(H44>=100%,1,0) -> 0 | AG44: =IF(I44>=100%,1,0) -> 0 | AH44: =IF(J44>=100%,1,0) -> 0 | AI44: =IF(K44>=100%,1,0) -> 0 | AJ44: =SUM(AA44:AI44) -> 0
A45: 807 | B45: ALMARAZ BRUNO | C45: =VLOOKUP(A45,INCENTIVO!A:E,5,0) -> 0.076923077 | D45: =VLOOKUP(A45,INCENTIVO!A:H,8,0) -> 0.14285714 | E45: =VLOOKUP(A45,INCENTIVO!A:K,11,0) -> 0.066666667 | F45: =VLOOKUP(A45,INCENTIVO!A:N,14,0) -> 0 | G45: =VLOOKUP(A45,INCENTIVO!A:Q,17,0) -> 0 | H45: =VLOOKUP(A45,INCENTIVO!A:T,20,0) -> 0 | I45: =VLOOKUP(A45,INCENTIVO!A:W,23,0) -> 0 | J45: =VLOOKUP(A45,INCENTIVO!A:Z,26,0) -> 0.12738921 | K45: =VLOOKUP(A45,INCENTIVO!A:AC,29,0) -> 0.18181818 | L45: =AVERAGE(C45:J45) -> 0.051729513 | M45: =VLOOKUP(A45,RANKING!A:C,3,0) -> 95 | Q45: =IF(C45>=50%,1,0) -> 0 | R45: =IF(D45>=50%,1,0) -> 0 | S45: =IF(E45>=50%,1,0) -> 0 | T45: =IF(F45>=50%,1,0) -> 0 | U45: =IF(G45>=50%,1,0) -> 0 | V45: =IF(H45>=50%,1,0) -> 0 | W45: =IF(I45>=50%,1,0) -> 0 | X45: =IF(J45>=50%,1,0) -> 0 | Y45: =IF(K45>=50%,1,0) -> 0 | Z45: =SUM(Q45:Y45) -> 0 | AA45: =IF(C45>=100%,1,0) -> 0 | AB45: =IF(D45>=100%,1,0) -> 0 | AC45: =IF(E45>=100%,1,0) -> 0 | AD45: =IF(F45>=100%,1,0) -> 0 | AE45: =IF(G45>=100%,1,0) -> 0 | AF45: =IF(H45>=100%,1,0) -> 0 | AG45: =IF(I45>=100%,1,0) -> 0 | AH45: =IF(J45>=100%,1,0) -> 0 | AI45: =IF(K45>=100%,1,0) -> 0 | AJ45: =SUM(AA45:AI45) -> 0
A46: 801 | B46: STOCKER OSCAR | C46: =VLOOKUP(A46,INCENTIVO!A:E,5,0) -> 0 | D46: =VLOOKUP(A46,INCENTIVO!A:H,8,0) -> 0 | E46: =VLOOKUP(A46,INCENTIVO!A:K,11,0) -> 0.066666667 | F46: =VLOOKUP(A46,INCENTIVO!A:N,14,0) -> 0 | G46: =VLOOKUP(A46,INCENTIVO!A:Q,17,0) -> 0 | H46: =VLOOKUP(A46,INCENTIVO!A:T,20,0) -> 0.095238095 | I46: =VLOOKUP(A46,INCENTIVO!A:W,23,0) -> 0.066666667 | J46: =VLOOKUP(A46,INCENTIVO!A:Z,26,0) -> 0.13914353 | K46: =VLOOKUP(A46,INCENTIVO!A:AC,29,0) -> 0.27272727 | L46: =AVERAGE(C46:J46) -> 0.04596437 | M46: =VLOOKUP(A46,RANKING!A:C,3,0) -> 96 | Q46: =IF(C46>=50%,1,0) -> 0 | R46: =IF(D46>=50%,1,0) -> 0 | S46: =IF(E46>=50%,1,0) -> 0 | T46: =IF(F46>=50%,1,0) -> 0 | U46: =IF(G46>=50%,1,0) -> 0 | V46: =IF(H46>=50%,1,0) -> 0 | W46: =IF(I46>=50%,1,0) -> 0 | X46: =IF(J46>=50%,1,0) -> 0 | Y46: =IF(K46>=50%,1,0) -> 0 | Z46: =SUM(Q46:Y46) -> 0 | AA46: =IF(C46>=100%,1,0) -> 0 | AB46: =IF(D46>=100%,1,0) -> 0 | AC46: =IF(E46>=100%,1,0) -> 0 | AD46: =IF(F46>=100%,1,0) -> 0 | AE46: =IF(G46>=100%,1,0) -> 0 | AF46: =IF(H46>=100%,1,0) -> 0 | AG46: =IF(I46>=100%,1,0) -> 0 | AH46: =IF(J46>=100%,1,0) -> 0 | AI46: =IF(K46>=100%,1,0) -> 0 | AJ46: =SUM(AA46:AI46) -> 0
A47: 802 | B47: GIUSSO MAXIMILIANO | C47: =VLOOKUP(A47,INCENTIVO!A:E,5,0) -> 0.071428571 | D47: =VLOOKUP(A47,INCENTIVO!A:H,8,0) -> 0.35714286 | E47: =VLOOKUP(A47,INCENTIVO!A:K,11,0) -> 0.4 | F47: =VLOOKUP(A47,INCENTIVO!A:N,14,0) -> 0 | G47: =VLOOKUP(A47,INCENTIVO!A:Q,17,0) -> 0.16666667 | H47: =VLOOKUP(A47,INCENTIVO!A:T,20,0) -> 0.13636364 | I47: =VLOOKUP(A47,INCENTIVO!A:W,23,0) -> 0.0625 | J47: =VLOOKUP(A47,INCENTIVO!A:Z,26,0) -> 0.16240355 | K47: =VLOOKUP(A47,INCENTIVO!A:AC,29,0) -> 0 | L47: =AVERAGE(C47:J47) -> 0.16956316 | M47: =VLOOKUP(A47,RANKING!A:C,3,0) -> 46 | Q47: =IF(C47>=50%,1,0) -> 0 | R47: =IF(D47>=50%,1,0) -> 0 | S47: =IF(E47>=50%,1,0) -> 0 | T47: =IF(F47>=50%,1,0) -> 0 | U47: =IF(G47>=50%,1,0) -> 0 | V47: =IF(H47>=50%,1,0) -> 0 | W47: =IF(I47>=50%,1,0) -> 0 | X47: =IF(J47>=50%,1,0) -> 0 | Y47: =IF(K47>=50%,1,0) -> 0 | Z47: =SUM(Q47:Y47) -> 0 | AA47: =IF(C47>=100%,1,0) -> 0 | AB47: =IF(D47>=100%,1,0) -> 0 | AC47: =IF(E47>=100%,1,0) -> 0 | AD47: =IF(F47>=100%,1,0) -> 0 | AE47: =IF(G47>=100%,1,0) -> 0 | AF47: =IF(H47>=100%,1,0) -> 0 | AG47: =IF(I47>=100%,1,0) -> 0 | AH47: =IF(J47>=100%,1,0) -> 0 | AI47: =IF(K47>=100%,1,0) -> 0 | AJ47: =SUM(AA47:AI47) -> 0
A48: 803 | B48: ORIFE RODOLFO | C48: =VLOOKUP(A48,INCENTIVO!A:E,5,0) -> 0.81818182 | D48: =VLOOKUP(A48,INCENTIVO!A:H,8,0) -> 0.33333333 | E48: =VLOOKUP(A48,INCENTIVO!A:K,11,0) -> 0.30769231 | F48: =VLOOKUP(A48,INCENTIVO!A:N,14,0) -> 0.15384615 | G48: =VLOOKUP(A48,INCENTIVO!A:Q,17,0) -> 0.3 | H48: =VLOOKUP(A48,INCENTIVO!A:T,20,0) -> 0.22222222 | I48: =VLOOKUP(A48,INCENTIVO!A:W,23,0) -> 0.071428571 | J48: =VLOOKUP(A48,INCENTIVO!A:Z,26,0) -> 0.06443916 | K48: =VLOOKUP(A48,INCENTIVO!A:AC,29,0) -> 0.3 | L48: =AVERAGE(C48:J48) -> 0.28389295 | M48: =VLOOKUP(A48,RANKING!A:C,3,0) -> 26 | Q48: =IF(C48>=50%,1,0) -> 1 | R48: =IF(D48>=50%,1,0) -> 0 | S48: =IF(E48>=50%,1,0) -> 0 | T48: =IF(F48>=50%,1,0) -> 0 | U48: =IF(G48>=50%,1,0) -> 0 | V48: =IF(H48>=50%,1,0) -> 0 | W48: =IF(I48>=50%,1,0) -> 0 | X48: =IF(J48>=50%,1,0) -> 0 | Y48: =IF(K48>=50%,1,0) -> 0 | Z48: =SUM(Q48:Y48) -> 1 | AA48: =IF(C48>=100%,1,0) -> 0 | AB48: =IF(D48>=100%,1,0) -> 0 | AC48: =IF(E48>=100%,1,0) -> 0 | AD48: =IF(F48>=100%,1,0) -> 0 | AE48: =IF(G48>=100%,1,0) -> 0 | AF48: =IF(H48>=100%,1,0) -> 0 | AG48: =IF(I48>=100%,1,0) -> 0 | AH48: =IF(J48>=100%,1,0) -> 0 | AI48: =IF(K48>=100%,1,0) -> 0 | AJ48: =SUM(AA48:AI48) -> 0
A49: 804 | B49: BINELLI JUAN | C49: =VLOOKUP(A49,INCENTIVO!A:E,5,0) -> 0.15384615 | D49: =VLOOKUP(A49,INCENTIVO!A:H,8,0) -> 0.42857143 | E49: =VLOOKUP(A49,INCENTIVO!A:K,11,0) -> 0.13333333 | F49: =VLOOKUP(A49,INCENTIVO!A:N,14,0) -> 0.066666667 | G49: =VLOOKUP(A49,INCENTIVO!A:Q,17,0) -> 0.090909091 | H49: =VLOOKUP(A49,INCENTIVO!A:T,20,0) -> 0.28571429 | I49: =VLOOKUP(A49,INCENTIVO!A:W,23,0) -> 0 | J49: =VLOOKUP(A49,INCENTIVO!A:Z,26,0) -> 0.055854274 | K49: =VLOOKUP(A49,INCENTIVO!A:AC,29,0) -> 0.090909091 | L49: =AVERAGE(C49:J49) -> 0.1518619 | M49: =VLOOKUP(A49,RANKING!A:C,3,0) -> 56 | Q49: =IF(C49>=50%,1,0) -> 0 | R49: =IF(D49>=50%,1,0) -> 0 | S49: =IF(E49>=50%,1,0) -> 0 | T49: =IF(F49>=50%,1,0) -> 0 | U49: =IF(G49>=50%,1,0) -> 0 | V49: =IF(H49>=50%,1,0) -> 0 | W49: =IF(I49>=50%,1,0) -> 0 | X49: =IF(J49>=50%,1,0) -> 0 | Y49: =IF(K49>=50%,1,0) -> 0 | Z49: =SUM(Q49:Y49) -> 0 | AA49: =IF(C49>=100%,1,0) -> 0 | AB49: =IF(D49>=100%,1,0) -> 0 | AC49: =IF(E49>=100%,1,0) -> 0 | AD49: =IF(F49>=100%,1,0) -> 0 | AE49: =IF(G49>=100%,1,0) -> 0 | AF49: =IF(H49>=100%,1,0) -> 0 | AG49: =IF(I49>=100%,1,0) -> 0 | AH49: =IF(J49>=100%,1,0) -> 0 | AI49: =IF(K49>=100%,1,0) -> 0 | AJ49: =SUM(AA49:AI49) -> 0
A50: 805 | B50: LUNA EZEQUIEL | C50: =VLOOKUP(A50,INCENTIVO!A:E,5,0) -> 0.23076923 | D50: =VLOOKUP(A50,INCENTIVO!A:H,8,0) -> 0 | E50: =VLOOKUP(A50,INCENTIVO!A:K,11,0) -> 0.13333333 | F50: =VLOOKUP(A50,INCENTIVO!A:N,14,0) -> 0 | G50: =VLOOKUP(A50,INCENTIVO!A:Q,17,0) -> 0 | H50: =VLOOKUP(A50,INCENTIVO!A:T,20,0) -> 0.095238095 | I50: =VLOOKUP(A50,INCENTIVO!A:W,23,0) -> 0 | J50: =VLOOKUP(A50,INCENTIVO!A:Z,26,0) -> 0.037491493 | K50: =VLOOKUP(A50,INCENTIVO!A:AC,29,0) -> 0 | L50: =AVERAGE(C50:J50) -> 0.062104019 | M50: =VLOOKUP(A50,RANKING!A:C,3,0) -> 93 | Q50: =IF(C50>=50%,1,0) -> 0 | R50: =IF(D50>=50%,1,0) -> 0 | S50: =IF(E50>=50%,1,0) -> 0 | T50: =IF(F50>=50%,1,0) -> 0 | U50: =IF(G50>=50%,1,0) -> 0 | V50: =IF(H50>=50%,1,0) -> 0 | W50: =IF(I50>=50%,1,0) -> 0 | X50: =IF(J50>=50%,1,0) -> 0 | Y50: =IF(K50>=50%,1,0) -> 0 | Z50: =SUM(Q50:Y50) -> 0 | AA50: =IF(C50>=100%,1,0) -> 0 | AB50: =IF(D50>=100%,1,0) -> 0 | AC50: =IF(E50>=100%,1,0) -> 0 | AD50: =IF(F50>=100%,1,0) -> 0 | AE50: =IF(G50>=100%,1,0) -> 0 | AF50: =IF(H50>=100%,1,0) -> 0 | AG50: =IF(I50>=100%,1,0) -> 0 | AH50: =IF(J50>=100%,1,0) -> 0 | AI50: =IF(K50>=100%,1,0) -> 0 | AJ50: =SUM(AA50:AI50) -> 0
A51: 806 | B51: GUZMAN MARIO | C51: =VLOOKUP(A51,INCENTIVO!A:E,5,0) -> 0.071428571 | D51: =VLOOKUP(A51,INCENTIVO!A:H,8,0) -> 0.92857143 | E51: =VLOOKUP(A51,INCENTIVO!A:K,11,0) -> 0.26666667 | F51: =VLOOKUP(A51,INCENTIVO!A:N,14,0) -> 0.13333333 | G51: =VLOOKUP(A51,INCENTIVO!A:Q,17,0) -> 0.16666667 | H51: =VLOOKUP(A51,INCENTIVO!A:T,20,0) -> 0.27272727 | I51: =VLOOKUP(A51,INCENTIVO!A:W,23,0) -> 0.0625 | J51: =VLOOKUP(A51,INCENTIVO!A:Z,26,0) -> 0.011662438 | K51: =VLOOKUP(A51,INCENTIVO!A:AC,29,0) -> 0.5 | L51: =AVERAGE(C51:J51) -> 0.23919455 | M51: =VLOOKUP(A51,RANKING!A:C,3,0) -> 32 | Q51: =IF(C51>=50%,1,0) -> 0 | R51: =IF(D51>=50%,1,0) -> 1 | S51: =IF(E51>=50%,1,0) -> 0 | T51: =IF(F51>=50%,1,0) -> 0 | U51: =IF(G51>=50%,1,0) -> 0 | V51: =IF(H51>=50%,1,0) -> 0 | W51: =IF(I51>=50%,1,0) -> 0 | X51: =IF(J51>=50%,1,0) -> 0 | Y51: =IF(K51>=50%,1,0) -> 1 | Z51: =SUM(Q51:Y51) -> 2 | AA51: =IF(C51>=100%,1,0) -> 0 | AB51: =IF(D51>=100%,1,0) -> 0 | AC51: =IF(E51>=100%,1,0) -> 0 | AD51: =IF(F51>=100%,1,0) -> 0 | AE51: =IF(G51>=100%,1,0) -> 0 | AF51: =IF(H51>=100%,1,0) -> 0 | AG51: =IF(I51>=100%,1,0) -> 0 | AH51: =IF(J51>=100%,1,0) -> 0 | AI51: =IF(K51>=100%,1,0) -> 0 | AJ51: =SUM(AA51:AI51) -> 0
A52: 810 | B52: CASCO SEBASTIAN | C52: =VLOOKUP(A52,INCENTIVO!A:E,5,0) -> 0 | D52: =VLOOKUP(A52,INCENTIVO!A:H,8,0) -> 0.76923077 | E52: =VLOOKUP(A52,INCENTIVO!A:K,11,0) -> 0.28571429 | F52: =VLOOKUP(A52,INCENTIVO!A:N,14,0) -> 0.14285714 | G52: =VLOOKUP(A52,INCENTIVO!A:Q,17,0) -> 0.090909091 | H52: =VLOOKUP(A52,INCENTIVO!A:T,20,0) -> 0.4 | I52: =VLOOKUP(A52,INCENTIVO!A:W,23,0) -> 0 | J52: =VLOOKUP(A52,INCENTIVO!A:Z,26,0) -> 0.035420309 | K52: =VLOOKUP(A52,INCENTIVO!A:AC,29,0) -> 0.36363636 | L52: =AVERAGE(C52:J52) -> 0.21551645 | M52: =VLOOKUP(A52,RANKING!A:C,3,0) -> 37 | Q52: =IF(C52>=50%,1,0) -> 0 | R52: =IF(D52>=50%,1,0) -> 1 | S52: =IF(E52>=50%,1,0) -> 0 | T52: =IF(F52>=50%,1,0) -> 0 | U52: =IF(G52>=50%,1,0) -> 0 | V52: =IF(H52>=50%,1,0) -> 0 | W52: =IF(I52>=50%,1,0) -> 0 | X52: =IF(J52>=50%,1,0) -> 0 | Y52: =IF(K52>=50%,1,0) -> 0 | Z52: =SUM(Q52:Y52) -> 1 | AA52: =IF(C52>=100%,1,0) -> 0 | AB52: =IF(D52>=100%,1,0) -> 0 | AC52: =IF(E52>=100%,1,0) -> 0 | AD52: =IF(F52>=100%,1,0) -> 0 | AE52: =IF(G52>=100%,1,0) -> 0 | AF52: =IF(H52>=100%,1,0) -> 0 | AG52: =IF(I52>=100%,1,0) -> 0 | AH52: =IF(J52>=100%,1,0) -> 0 | AI52: =IF(K52>=100%,1,0) -> 0 | AJ52: =SUM(AA52:AI52) -> 0
A53: Zona 400 | B53: Matias Benitez | C53: =VLOOKUP(A53,INCENTIVO!A:E,5,0) -> 0.16346154 | D53: =VLOOKUP(A53,INCENTIVO!A:H,8,0) -> 0.36697248 | E53: =VLOOKUP(A53,INCENTIVO!A:K,11,0) -> 0.20512821 | F53: =VLOOKUP(A53,INCENTIVO!A:N,14,0) -> 0.05982906 | G53: =VLOOKUP(A53,INCENTIVO!A:Q,17,0) -> 0.1011236 | H53: =VLOOKUP(A53,INCENTIVO!A:T,20,0) -> 0.18674699 | I53: =VLOOKUP(A53,INCENTIVO!A:W,23,0) -> 0.033057851 | J53: =VLOOKUP(A53,INCENTIVO!A:Z,26,0) -> 0.075766994 | K53: =VLOOKUP(A53,INCENTIVO!A:AC,29,0) -> 0.21348315 | L53: =AVERAGE(C53:J53) -> 0.14901084 | Q53: =IF(C53>=50%,1,0) -> 0 | R53: =IF(D53>=50%,1,0) -> 0 | S53: =IF(E53>=50%,1,0) -> 0 | T53: =IF(F53>=50%,1,0) -> 0 | U53: =IF(G53>=50%,1,0) -> 0 | V53: =IF(H53>=50%,1,0) -> 0 | W53: =IF(I53>=50%,1,0) -> 0 | X53: =IF(J53>=50%,1,0) -> 0 | Y53: =IF(K53>=50%,1,0) -> 0 | Z53: =SUM(Q53:Y53) -> 0 | AA53: =IF(C53>=100%,1,0) -> 0 | AB53: =IF(D53>=100%,1,0) -> 0 | AC53: =IF(E53>=100%,1,0) -> 0 | AD53: =IF(F53>=100%,1,0) -> 0 | AE53: =IF(G53>=100%,1,0) -> 0 | AF53: =IF(H53>=100%,1,0) -> 0 | AG53: =IF(I53>=100%,1,0) -> 0 | AH53: =IF(J53>=100%,1,0) -> 0 | AI53: =IF(K53>=100%,1,0) -> 0 | AJ53: =SUM(AA53:AI53) -> 0
A54: 247 | B54: PUGLIA AUGUSTO | C54: =VLOOKUP(A54,INCENTIVO!A:E,5,0) -> 0.090909091 | D54: =VLOOKUP(A54,INCENTIVO!A:H,8,0) -> 0.16666667 | E54: =VLOOKUP(A54,INCENTIVO!A:K,11,0) -> 0.15384615 | F54: =VLOOKUP(A54,INCENTIVO!A:N,14,0) -> 0 | G54: =VLOOKUP(A54,INCENTIVO!A:Q,17,0) -> 0 | H54: =VLOOKUP(A54,INCENTIVO!A:T,20,0) -> 0.5 | I54: =VLOOKUP(A54,INCENTIVO!A:W,23,0) -> 0 | J54: =VLOOKUP(A54,INCENTIVO!A:Z,26,0) -> 0.068619353 | K54: =VLOOKUP(A54,INCENTIVO!A:AC,29,0) -> 0.3 | L54: =AVERAGE(C54:J54) -> 0.12250516 | M54: =VLOOKUP(A54,RANKING!A:C,3,0) -> 77 | Q54: =IF(C54>=50%,1,0) -> 0 | R54: =IF(D54>=50%,1,0) -> 0 | S54: =IF(E54>=50%,1,0) -> 0 | T54: =IF(F54>=50%,1,0) -> 0 | U54: =IF(G54>=50%,1,0) -> 0 | V54: =IF(H54>=50%,1,0) -> 1 | W54: =IF(I54>=50%,1,0) -> 0 | X54: =IF(J54>=50%,1,0) -> 0 | Y54: =IF(K54>=50%,1,0) -> 0 | Z54: =SUM(Q54:Y54) -> 1 | AA54: =IF(C54>=100%,1,0) -> 0 | AB54: =IF(D54>=100%,1,0) -> 0 | AC54: =IF(E54>=100%,1,0) -> 0 | AD54: =IF(F54>=100%,1,0) -> 0 | AE54: =IF(G54>=100%,1,0) -> 0 | AF54: =IF(H54>=100%,1,0) -> 0 | AG54: =IF(I54>=100%,1,0) -> 0 | AH54: =IF(J54>=100%,1,0) -> 0 | AI54: =IF(K54>=100%,1,0) -> 0 | AJ54: =SUM(AA54:AI54) -> 0
A55: 393 | B55: DRYNDAK DAVID | C55: =VLOOKUP(A55,INCENTIVO!A:E,5,0) -> 0.14285714 | D55: =VLOOKUP(A55,INCENTIVO!A:H,8,0) -> 0.066666667 | E55: =VLOOKUP(A55,INCENTIVO!A:K,11,0) -> 0.0625 | F55: =VLOOKUP(A55,INCENTIVO!A:N,14,0) -> 0 | G55: =VLOOKUP(A55,INCENTIVO!A:Q,17,0) -> 0.083333333 | H55: =VLOOKUP(A55,INCENTIVO!A:T,20,0) -> 0.22727273 | I55: =VLOOKUP(A55,INCENTIVO!A:W,23,0) -> 0.29411765 | J55: =VLOOKUP(A55,INCENTIVO!A:Z,26,0) -> 0.28181827 | K55: =VLOOKUP(A55,INCENTIVO!A:AC,29,0) -> 0.41666667 | L55: =AVERAGE(C55:J55) -> 0.14482072 | M55: =VLOOKUP(A55,RANKING!A:C,3,0) -> 60 | Q55: =IF(C55>=50%,1,0) -> 0 | R55: =IF(D55>=50%,1,0) -> 0 | S55: =IF(E55>=50%,1,0) -> 0 | T55: =IF(F55>=50%,1,0) -> 0 | U55: =IF(G55>=50%,1,0) -> 0 | V55: =IF(H55>=50%,1,0) -> 0 | W55: =IF(I55>=50%,1,0) -> 0 | X55: =IF(J55>=50%,1,0) -> 0 | Y55: =IF(K55>=50%,1,0) -> 0 | Z55: =SUM(Q55:Y55) -> 0 | AA55: =IF(C55>=100%,1,0) -> 0 | AB55: =IF(D55>=100%,1,0) -> 0 | AC55: =IF(E55>=100%,1,0) -> 0 | AD55: =IF(F55>=100%,1,0) -> 0 | AE55: =IF(G55>=100%,1,0) -> 0 | AF55: =IF(H55>=100%,1,0) -> 0 | AG55: =IF(I55>=100%,1,0) -> 0 | AH55: =IF(J55>=100%,1,0) -> 0 | AI55: =IF(K55>=100%,1,0) -> 0 | AJ55: =SUM(AA55:AI55) -> 0
A56: 241 | B56: SOLER ALBERTO | C56: =VLOOKUP(A56,INCENTIVO!A:E,5,0) -> 0.26666667 | D56: =VLOOKUP(A56,INCENTIVO!A:H,8,0) -> 0.125 | E56: =VLOOKUP(A56,INCENTIVO!A:K,11,0) -> 0.11764706 | F56: =VLOOKUP(A56,INCENTIVO!A:N,14,0) -> 0 | G56: =VLOOKUP(A56,INCENTIVO!A:Q,17,0) -> 0 | H56: =VLOOKUP(A56,INCENTIVO!A:T,20,0) -> 0.17391304 | I56: =VLOOKUP(A56,INCENTIVO!A:W,23,0) -> 0.22222222 | J56: =VLOOKUP(A56,INCENTIVO!A:Z,26,0) -> 0.080008277 | K56: =VLOOKUP(A56,INCENTIVO!A:AC,29,0) -> 0.38461538 | L56: =AVERAGE(C56:J56) -> 0.12318216 | M56: =VLOOKUP(A56,RANKING!A:C,3,0) -> 76 | Q56: =IF(C56>=50%,1,0) -> 0 | R56: =IF(D56>=50%,1,0) -> 0 | S56: =IF(E56>=50%,1,0) -> 0 | T56: =IF(F56>=50%,1,0) -> 0 | U56: =IF(G56>=50%,1,0) -> 0 | V56: =IF(H56>=50%,1,0) -> 0 | W56: =IF(I56>=50%,1,0) -> 0 | X56: =IF(J56>=50%,1,0) -> 0 | Y56: =IF(K56>=50%,1,0) -> 0 | Z56: =SUM(Q56:Y56) -> 0 | AA56: =IF(C56>=100%,1,0) -> 0 | AB56: =IF(D56>=100%,1,0) -> 0 | AC56: =IF(E56>=100%,1,0) -> 0 | AD56: =IF(F56>=100%,1,0) -> 0 | AE56: =IF(G56>=100%,1,0) -> 0 | AF56: =IF(H56>=100%,1,0) -> 0 | AG56: =IF(I56>=100%,1,0) -> 0 | AH56: =IF(J56>=100%,1,0) -> 0 | AI56: =IF(K56>=100%,1,0) -> 0 | AJ56: =SUM(AA56:AI56) -> 0
A57: 380 | B57: GANZA AXEL | C57: =VLOOKUP(A57,INCENTIVO!A:E,5,0) -> 0.11111111 | D57: =VLOOKUP(A57,INCENTIVO!A:H,8,0) -> 0.52631579 | E57: =VLOOKUP(A57,INCENTIVO!A:K,11,0) -> 0.15 | F57: =VLOOKUP(A57,INCENTIVO!A:N,14,0) -> 0.1 | G57: =VLOOKUP(A57,INCENTIVO!A:Q,17,0) -> 0.066666667 | H57: =VLOOKUP(A57,INCENTIVO!A:T,20,0) -> 0.14285714 | I57: =VLOOKUP(A57,INCENTIVO!A:W,23,0) -> 0 | J57: =VLOOKUP(A57,INCENTIVO!A:Z,26,0) -> 0.2168901 | K57: =VLOOKUP(A57,INCENTIVO!A:AC,29,0) -> 0.53333333 | L57: =AVERAGE(C57:J57) -> 0.1642301 | M57: =VLOOKUP(A57,RANKING!A:C,3,0) -> 52 | Q57: =IF(C57>=50%,1,0) -> 0 | R57: =IF(D57>=50%,1,0) -> 1 | S57: =IF(E57>=50%,1,0) -> 0 | T57: =IF(F57>=50%,1,0) -> 0 | U57: =IF(G57>=50%,1,0) -> 0 | V57: =IF(H57>=50%,1,0) -> 0 | W57: =IF(I57>=50%,1,0) -> 0 | X57: =IF(J57>=50%,1,0) -> 0 | Y57: =IF(K57>=50%,1,0) -> 1 | Z57: =SUM(Q57:Y57) -> 2 | AA57: =IF(C57>=100%,1,0) -> 0 | AB57: =IF(D57>=100%,1,0) -> 0 | AC57: =IF(E57>=100%,1,0) -> 0 | AD57: =IF(F57>=100%,1,0) -> 0 | AE57: =IF(G57>=100%,1,0) -> 0 | AF57: =IF(H57>=100%,1,0) -> 0 | AG57: =IF(I57>=100%,1,0) -> 0 | AH57: =IF(J57>=100%,1,0) -> 0 | AI57: =IF(K57>=100%,1,0) -> 0 | AJ57: =SUM(AA57:AI57) -> 0
A58: 202 | B58: ISASMENDI ANGEL | C58: =VLOOKUP(A58,INCENTIVO!A:E,5,0) -> 0.076923077 | D58: =VLOOKUP(A58,INCENTIVO!A:H,8,0) -> 0.21428571 | E58: =VLOOKUP(A58,INCENTIVO!A:K,11,0) -> 0.066666667 | F58: =VLOOKUP(A58,INCENTIVO!A:N,14,0) -> 0 | G58: =VLOOKUP(A58,INCENTIVO!A:Q,17,0) -> 0 | H58: =VLOOKUP(A58,INCENTIVO!A:T,20,0) -> 0.38095238 | I58: =VLOOKUP(A58,INCENTIVO!A:W,23,0) -> 0.33333333 | J58: =VLOOKUP(A58,INCENTIVO!A:Z,26,0) -> 0.031471497 | K58: =VLOOKUP(A58,INCENTIVO!A:AC,29,0) -> 0.090909091 | L58: =AVERAGE(C58:J58) -> 0.13795408 | M58: =VLOOKUP(A58,RANKING!A:C,3,0) -> 63 | Q58: =IF(C58>=50%,1,0) -> 0 | R58: =IF(D58>=50%,1,0) -> 0 | S58: =IF(E58>=50%,1,0) -> 0 | T58: =IF(F58>=50%,1,0) -> 0 | U58: =IF(G58>=50%,1,0) -> 0 | V58: =IF(H58>=50%,1,0) -> 0 | W58: =IF(I58>=50%,1,0) -> 0 | X58: =IF(J58>=50%,1,0) -> 0 | Y58: =IF(K58>=50%,1,0) -> 0 | Z58: =SUM(Q58:Y58) -> 0 | AA58: =IF(C58>=100%,1,0) -> 0 | AB58: =IF(D58>=100%,1,0) -> 0 | AC58: =IF(E58>=100%,1,0) -> 0 | AD58: =IF(F58>=100%,1,0) -> 0 | AE58: =IF(G58>=100%,1,0) -> 0 | AF58: =IF(H58>=100%,1,0) -> 0 | AG58: =IF(I58>=100%,1,0) -> 0 | AH58: =IF(J58>=100%,1,0) -> 0 | AI58: =IF(K58>=100%,1,0) -> 0 | AJ58: =SUM(AA58:AI58) -> 0
A59: 386 | B59: CALVO FEDERICO | C59: =VLOOKUP(A59,INCENTIVO!A:E,5,0) -> 0.42857143 | D59: =VLOOKUP(A59,INCENTIVO!A:H,8,0) -> 0.93333333 | E59: =VLOOKUP(A59,INCENTIVO!A:K,11,0) -> 1.125 | F59: =VLOOKUP(A59,INCENTIVO!A:N,14,0) -> 1.125 | G59: =VLOOKUP(A59,INCENTIVO!A:Q,17,0) -> 0.33333333 | H59: =VLOOKUP(A59,INCENTIVO!A:T,20,0) -> 0.59090909 | I59: =VLOOKUP(A59,INCENTIVO!A:W,23,0) -> 0.29411765 | J59: =VLOOKUP(A59,INCENTIVO!A:Z,26,0) -> 0.19445451 | K59: =VLOOKUP(A59,INCENTIVO!A:AC,29,0) -> 0.91666667 | L59: =AVERAGE(C59:J59) -> 0.62808992 | M59: =VLOOKUP(A59,RANKING!A:C,3,0) -> 3 | Q59: =IF(C59>=50%,1,0) -> 0 | R59: =IF(D59>=50%,1,0) -> 1 | S59: =IF(E59>=50%,1,0) -> 1 | T59: =IF(F59>=50%,1,0) -> 1 | U59: =IF(G59>=50%,1,0) -> 0 | V59: =IF(H59>=50%,1,0) -> 1 | W59: =IF(I59>=50%,1,0) -> 0 | X59: =IF(J59>=50%,1,0) -> 0 | Y59: =IF(K59>=50%,1,0) -> 1 | Z59: =SUM(Q59:Y59) -> 5 | AA59: =IF(C59>=100%,1,0) -> 0 | AB59: =IF(D59>=100%,1,0) -> 0 | AC59: =IF(E59>=100%,1,0) -> 1 | AD59: =IF(F59>=100%,1,0) -> 1 | AE59: =IF(G59>=100%,1,0) -> 0 | AF59: =IF(H59>=100%,1,0) -> 0 | AG59: =IF(I59>=100%,1,0) -> 0 | AH59: =IF(J59>=100%,1,0) -> 0 | AI59: =IF(K59>=100%,1,0) -> 0 | AJ59: =SUM(AA59:AI59) -> 2
A60: 235 | B60: RIAL OMAR | C60: =VLOOKUP(A60,INCENTIVO!A:E,5,0) -> 0.17647059 | D60: =VLOOKUP(A60,INCENTIVO!A:H,8,0) -> 0.38888889 | E60: =VLOOKUP(A60,INCENTIVO!A:K,11,0) -> 0.15789474 | F60: =VLOOKUP(A60,INCENTIVO!A:N,14,0) -> 0.15789474 | G60: =VLOOKUP(A60,INCENTIVO!A:Q,17,0) -> 0 | H60: =VLOOKUP(A60,INCENTIVO!A:T,20,0) -> 0.11111111 | I60: =VLOOKUP(A60,INCENTIVO!A:W,23,0) -> 0.25 | J60: =VLOOKUP(A60,INCENTIVO!A:Z,26,0) -> 0.097084739 | K60: =VLOOKUP(A60,INCENTIVO!A:AC,29,0) -> 0.53333333 | L60: =AVERAGE(C60:J60) -> 0.1674181 | M60: =VLOOKUP(A60,RANKING!A:C,3,0) -> 49 | Q60: =IF(C60>=50%,1,0) -> 0 | R60: =IF(D60>=50%,1,0) -> 0 | S60: =IF(E60>=50%,1,0) -> 0 | T60: =IF(F60>=50%,1,0) -> 0 | U60: =IF(G60>=50%,1,0) -> 0 | V60: =IF(H60>=50%,1,0) -> 0 | W60: =IF(I60>=50%,1,0) -> 0 | X60: =IF(J60>=50%,1,0) -> 0 | Y60: =IF(K60>=50%,1,0) -> 1 | Z60: =SUM(Q60:Y60) -> 1 | AA60: =IF(C60>=100%,1,0) -> 0 | AB60: =IF(D60>=100%,1,0) -> 0 | AC60: =IF(E60>=100%,1,0) -> 0 | AD60: =IF(F60>=100%,1,0) -> 0 | AE60: =IF(G60>=100%,1,0) -> 0 | AF60: =IF(H60>=100%,1,0) -> 0 | AG60: =IF(I60>=100%,1,0) -> 0 | AH60: =IF(J60>=100%,1,0) -> 0 | AI60: =IF(K60>=100%,1,0) -> 0 | AJ60: =SUM(AA60:AI60) -> 0
A61: 210 | B61: GODOY LEONEL | C61: =VLOOKUP(A61,INCENTIVO!A:E,5,0) -> 0.11764706 | D61: =VLOOKUP(A61,INCENTIVO!A:H,8,0) -> 0.44444444 | E61: =VLOOKUP(A61,INCENTIVO!A:K,11,0) -> 0.42105263 | F61: =VLOOKUP(A61,INCENTIVO!A:N,14,0) -> 0.21052632 | G61: =VLOOKUP(A61,INCENTIVO!A:Q,17,0) -> 0.26666667 | H61: =VLOOKUP(A61,INCENTIVO!A:T,20,0) -> 0.55555556 | I61: =VLOOKUP(A61,INCENTIVO!A:W,23,0) -> 0.3 | J61: =VLOOKUP(A61,INCENTIVO!A:Z,26,0) -> 0.53430599 | K61: =VLOOKUP(A61,INCENTIVO!A:AC,29,0) -> 0.53333333 | L61: =AVERAGE(C61:J61) -> 0.35627483 | M61: =VLOOKUP(A61,RANKING!A:C,3,0) -> 9 | Q61: =IF(C61>=50%,1,0) -> 0 | R61: =IF(D61>=50%,1,0) -> 0 | S61: =IF(E61>=50%,1,0) -> 0 | T61: =IF(F61>=50%,1,0) -> 0 | U61: =IF(G61>=50%,1,0) -> 0 | V61: =IF(H61>=50%,1,0) -> 1 | W61: =IF(I61>=50%,1,0) -> 0 | X61: =IF(J61>=50%,1,0) -> 1 | Y61: =IF(K61>=50%,1,0) -> 1 | Z61: =SUM(Q61:Y61) -> 3 | AA61: =IF(C61>=100%,1,0) -> 0 | AB61: =IF(D61>=100%,1,0) -> 0 | AC61: =IF(E61>=100%,1,0) -> 0 | AD61: =IF(F61>=100%,1,0) -> 0 | AE61: =IF(G61>=100%,1,0) -> 0 | AF61: =IF(H61>=100%,1,0) -> 0 | AG61: =IF(I61>=100%,1,0) -> 0 | AH61: =IF(J61>=100%,1,0) -> 0 | AI61: =IF(K61>=100%,1,0) -> 0 | AJ61: =SUM(AA61:AI61) -> 0
A62: 225 | B62: SOSA FEDERICO | C62: =VLOOKUP(A62,INCENTIVO!A:E,5,0) -> 0.11764706 | D62: =VLOOKUP(A62,INCENTIVO!A:H,8,0) -> 0.11111111 | E62: =VLOOKUP(A62,INCENTIVO!A:K,11,0) -> 0.36842105 | F62: =VLOOKUP(A62,INCENTIVO!A:N,14,0) -> 0 | G62: =VLOOKUP(A62,INCENTIVO!A:Q,17,0) -> 0 | H62: =VLOOKUP(A62,INCENTIVO!A:T,20,0) -> 0.25925926 | I62: =VLOOKUP(A62,INCENTIVO!A:W,23,0) -> 0.14285714 | J62: =VLOOKUP(A62,INCENTIVO!A:Z,26,0) -> 0.053972427 | K62: =VLOOKUP(A62,INCENTIVO!A:AC,29,0) -> 0.2 | L62: =AVERAGE(C62:J62) -> 0.13165851 | M62: =VLOOKUP(A62,RANKING!A:C,3,0) -> 70 | Q62: =IF(C62>=50%,1,0) -> 0 | R62: =IF(D62>=50%,1,0) -> 0 | S62: =IF(E62>=50%,1,0) -> 0 | T62: =IF(F62>=50%,1,0) -> 0 | U62: =IF(G62>=50%,1,0) -> 0 | V62: =IF(H62>=50%,1,0) -> 0 | W62: =IF(I62>=50%,1,0) -> 0 | X62: =IF(J62>=50%,1,0) -> 0 | Y62: =IF(K62>=50%,1,0) -> 0 | Z62: =SUM(Q62:Y62) -> 0 | AA62: =IF(C62>=100%,1,0) -> 0 | AB62: =IF(D62>=100%,1,0) -> 0 | AC62: =IF(E62>=100%,1,0) -> 0 | AD62: =IF(F62>=100%,1,0) -> 0 | AE62: =IF(G62>=100%,1,0) -> 0 | AF62: =IF(H62>=100%,1,0) -> 0 | AG62: =IF(I62>=100%,1,0) -> 0 | AH62: =IF(J62>=100%,1,0) -> 0 | AI62: =IF(K62>=100%,1,0) -> 0 | AJ62: =SUM(AA62:AI62) -> 0
A63: 226 | B63: MUÑOZ CRISTIAN | C63: =VLOOKUP(A63,INCENTIVO!A:E,5,0) -> 0.083333333 | D63: =VLOOKUP(A63,INCENTIVO!A:H,8,0) -> 0.46153846 | E63: =VLOOKUP(A63,INCENTIVO!A:K,11,0) -> 0.64285714 | F63: =VLOOKUP(A63,INCENTIVO!A:N,14,0) -> 0.071428571 | G63: =VLOOKUP(A63,INCENTIVO!A:Q,17,0) -> 0 | H63: =VLOOKUP(A63,INCENTIVO!A:T,20,0) -> 0.57894737 | I63: =VLOOKUP(A63,INCENTIVO!A:W,23,0) -> 0.46666667 | J63: =VLOOKUP(A63,INCENTIVO!A:Z,26,0) -> 0.07930568 | K63: =VLOOKUP(A63,INCENTIVO!A:AC,29,0) -> 0.18181818 | L63: =AVERAGE(C63:J63) -> 0.29800965 | M63: =VLOOKUP(A63,RANKING!A:C,3,0) -> 22 | Q63: =IF(C63>=50%,1,0) -> 0 | R63: =IF(D63>=50%,1,0) -> 0 | S63: =IF(E63>=50%,1,0) -> 1 | T63: =IF(F63>=50%,1,0) -> 0 | U63: =IF(G63>=50%,1,0) -> 0 | V63: =IF(H63>=50%,1,0) -> 1 | W63: =IF(I63>=50%,1,0) -> 0 | X63: =IF(J63>=50%,1,0) -> 0 | Y63: =IF(K63>=50%,1,0) -> 0 | Z63: =SUM(Q63:Y63) -> 2 | AA63: =IF(C63>=100%,1,0) -> 0 | AB63: =IF(D63>=100%,1,0) -> 0 | AC63: =IF(E63>=100%,1,0) -> 0 | AD63: =IF(F63>=100%,1,0) -> 0 | AE63: =IF(G63>=100%,1,0) -> 0 | AF63: =IF(H63>=100%,1,0) -> 0 | AG63: =IF(I63>=100%,1,0) -> 0 | AH63: =IF(J63>=100%,1,0) -> 0 | AI63: =IF(K63>=100%,1,0) -> 0 | AJ63: =SUM(AA63:AI63) -> 0
A64: Zona 500 | B64: Diego Bonelli | C64: =VLOOKUP(A64,INCENTIVO!A:E,5,0) -> 0.16216216 | D64: =VLOOKUP(A64,INCENTIVO!A:H,8,0) -> 0.34810127 | E64: =VLOOKUP(A64,INCENTIVO!A:K,11,0) -> 0.32142857 | F64: =VLOOKUP(A64,INCENTIVO!A:N,14,0) -> 0.16666667 | G64: =VLOOKUP(A64,INCENTIVO!A:Q,17,0) -> 0.07751938 | H64: =VLOOKUP(A64,INCENTIVO!A:T,20,0) -> 0.33760684 | I64: =VLOOKUP(A64,INCENTIVO!A:W,23,0) -> 0.2259887 | J64: =VLOOKUP(A64,INCENTIVO!A:Z,26,0) -> 0.18466564 | K64: =VLOOKUP(A64,INCENTIVO!A:AC,29,0) -> 0.41860465 | L64: =AVERAGE(C64:J64) -> 0.2280174 | Q64: =IF(C64>=50%,1,0) -> 0 | R64: =IF(D64>=50%,1,0) -> 0 | S64: =IF(E64>=50%,1,0) -> 0 | T64: =IF(F64>=50%,1,0) -> 0 | U64: =IF(G64>=50%,1,0) -> 0 | V64: =IF(H64>=50%,1,0) -> 0 | W64: =IF(I64>=50%,1,0) -> 0 | X64: =IF(J64>=50%,1,0) -> 0 | Y64: =IF(K64>=50%,1,0) -> 0 | Z64: =SUM(Q64:Y64) -> 0 | AA64: =IF(C64>=100%,1,0) -> 0 | AB64: =IF(D64>=100%,1,0) -> 0 | AC64: =IF(E64>=100%,1,0) -> 0 | AD64: =IF(F64>=100%,1,0) -> 0 | AE64: =IF(G64>=100%,1,0) -> 0 | AF64: =IF(H64>=100%,1,0) -> 0 | AG64: =IF(I64>=100%,1,0) -> 0 | AH64: =IF(J64>=100%,1,0) -> 0 | AI64: =IF(K64>=100%,1,0) -> 0 | AJ64: =SUM(AA64:AI64) -> 0
A65: 390 | B65: MONTENEGRO CLAUDIO | C65: =VLOOKUP(A65,INCENTIVO!A:E,5,0) -> 0.076923077 | D65: =VLOOKUP(A65,INCENTIVO!A:H,8,0) -> 0.14285714 | E65: =VLOOKUP(A65,INCENTIVO!A:K,11,0) -> 0.33333333 | F65: =VLOOKUP(A65,INCENTIVO!A:N,14,0) -> 0.066666667 | G65: =VLOOKUP(A65,INCENTIVO!A:Q,17,0) -> 0 | H65: =VLOOKUP(A65,INCENTIVO!A:T,20,0) -> 0.33333333 | I65: =VLOOKUP(A65,INCENTIVO!A:W,23,0) -> 0.33333333 | J65: =VLOOKUP(A65,INCENTIVO!A:Z,26,0) -> 0.061305759 | K65: =VLOOKUP(A65,INCENTIVO!A:AC,29,0) -> 0.090909091 | L65: =AVERAGE(C65:J65) -> 0.16846908 | M65: =VLOOKUP(A65,RANKING!A:C,3,0) -> 48 | Q65: =IF(C65>=50%,1,0) -> 0 | R65: =IF(D65>=50%,1,0) -> 0 | S65: =IF(E65>=50%,1,0) -> 0 | T65: =IF(F65>=50%,1,0) -> 0 | U65: =IF(G65>=50%,1,0) -> 0 | V65: =IF(H65>=50%,1,0) -> 0 | W65: =IF(I65>=50%,1,0) -> 0 | X65: =IF(J65>=50%,1,0) -> 0 | Y65: =IF(K65>=50%,1,0) -> 0 | Z65: =SUM(Q65:Y65) -> 0 | AA65: =IF(C65>=100%,1,0) -> 0 | AB65: =IF(D65>=100%,1,0) -> 0 | AC65: =IF(E65>=100%,1,0) -> 0 | AD65: =IF(F65>=100%,1,0) -> 0 | AE65: =IF(G65>=100%,1,0) -> 0 | AF65: =IF(H65>=100%,1,0) -> 0 | AG65: =IF(I65>=100%,1,0) -> 0 | AH65: =IF(J65>=100%,1,0) -> 0 | AI65: =IF(K65>=100%,1,0) -> 0 | AJ65: =SUM(AA65:AI65) -> 0
A66: 391 | B66: ACUÑA VALERIA | C66: =VLOOKUP(A66,INCENTIVO!A:E,5,0) -> 0 | D66: =VLOOKUP(A66,INCENTIVO!A:H,8,0) -> 0.42857143 | E66: =VLOOKUP(A66,INCENTIVO!A:K,11,0) -> 0.33333333 | F66: =VLOOKUP(A66,INCENTIVO!A:N,14,0) -> 0 | G66: =VLOOKUP(A66,INCENTIVO!A:Q,17,0) -> 0.090909091 | H66: =VLOOKUP(A66,INCENTIVO!A:T,20,0) -> 0.14285714 | I66: =VLOOKUP(A66,INCENTIVO!A:W,23,0) -> 0.13333333 | J66: =VLOOKUP(A66,INCENTIVO!A:Z,26,0) -> 0.062444265 | K66: =VLOOKUP(A66,INCENTIVO!A:AC,29,0) -> 0.090909091 | L66: =AVERAGE(C66:J66) -> 0.14893107 | M66: =VLOOKUP(A66,RANKING!A:C,3,0) -> 58 | Q66: =IF(C66>=50%,1,0) -> 0 | R66: =IF(D66>=50%,1,0) -> 0 | S66: =IF(E66>=50%,1,0) -> 0 | T66: =IF(F66>=50%,1,0) -> 0 | U66: =IF(G66>=50%,1,0) -> 0 | V66: =IF(H66>=50%,1,0) -> 0 | W66: =IF(I66>=50%,1,0) -> 0 | X66: =IF(J66>=50%,1,0) -> 0 | Y66: =IF(K66>=50%,1,0) -> 0 | Z66: =SUM(Q66:Y66) -> 0 | AA66: =IF(C66>=100%,1,0) -> 0 | AB66: =IF(D66>=100%,1,0) -> 0 | AC66: =IF(E66>=100%,1,0) -> 0 | AD66: =IF(F66>=100%,1,0) -> 0 | AE66: =IF(G66>=100%,1,0) -> 0 | AF66: =IF(H66>=100%,1,0) -> 0 | AG66: =IF(I66>=100%,1,0) -> 0 | AH66: =IF(J66>=100%,1,0) -> 0 | AI66: =IF(K66>=100%,1,0) -> 0 | AJ66: =SUM(AA66:AI66) -> 0
A67: 245 | B67: PALLERO MARINA | C67: =VLOOKUP(A67,INCENTIVO!A:E,5,0) -> 0.14285714 | D67: =VLOOKUP(A67,INCENTIVO!A:H,8,0) -> 0.21428571 | E67: =VLOOKUP(A67,INCENTIVO!A:K,11,0) -> 0 | F67: =VLOOKUP(A67,INCENTIVO!A:N,14,0) -> 0.066666667 | G67: =VLOOKUP(A67,INCENTIVO!A:Q,17,0) -> 0 | H67: =VLOOKUP(A67,INCENTIVO!A:T,20,0) -> 0.18181818 | I67: =VLOOKUP(A67,INCENTIVO!A:W,23,0) -> 0.4375 | J67: =VLOOKUP(A67,INCENTIVO!A:Z,26,0) -> 0.034693071 | K67: =VLOOKUP(A67,INCENTIVO!A:AC,29,0) -> 0.16666667 | L67: =AVERAGE(C67:J67) -> 0.1347276 | M67: =VLOOKUP(A67,RANKING!A:C,3,0) -> 66 | Q67: =IF(C67>=50%,1,0) -> 0 | R67: =IF(D67>=50%,1,0) -> 0 | S67: =IF(E67>=50%,1,0) -> 0 | T67: =IF(F67>=50%,1,0) -> 0 | U67: =IF(G67>=50%,1,0) -> 0 | V67: =IF(H67>=50%,1,0) -> 0 | W67: =IF(I67>=50%,1,0) -> 0 | X67: =IF(J67>=50%,1,0) -> 0 | Y67: =IF(K67>=50%,1,0) -> 0 | Z67: =SUM(Q67:Y67) -> 0 | AA67: =IF(C67>=100%,1,0) -> 0 | AB67: =IF(D67>=100%,1,0) -> 0 | AC67: =IF(E67>=100%,1,0) -> 0 | AD67: =IF(F67>=100%,1,0) -> 0 | AE67: =IF(G67>=100%,1,0) -> 0 | AF67: =IF(H67>=100%,1,0) -> 0 | AG67: =IF(I67>=100%,1,0) -> 0 | AH67: =IF(J67>=100%,1,0) -> 0 | AI67: =IF(K67>=100%,1,0) -> 0 | AJ67: =SUM(AA67:AI67) -> 0
A68: 392 | B68: SANABRIA DIEGO | C68: =VLOOKUP(A68,INCENTIVO!A:E,5,0) -> 0 | D68: =VLOOKUP(A68,INCENTIVO!A:H,8,0) -> 0 | E68: =VLOOKUP(A68,INCENTIVO!A:K,11,0) -> 0.13333333 | F68: =VLOOKUP(A68,INCENTIVO!A:N,14,0) -> 0 | G68: =VLOOKUP(A68,INCENTIVO!A:Q,17,0) -> 0 | H68: =VLOOKUP(A68,INCENTIVO!A:T,20,0) -> 0.047619048 | I68: =VLOOKUP(A68,INCENTIVO!A:W,23,0) -> 0.1875 | J68: =VLOOKUP(A68,INCENTIVO!A:Z,26,0) -> 0.085917344 | K68: =VLOOKUP(A68,INCENTIVO!A:AC,29,0) -> 0.16666667 | L68: =AVERAGE(C68:J68) -> 0.056796216 | M68: =VLOOKUP(A68,RANKING!A:C,3,0) -> 94 | Q68: =IF(C68>=50%,1,0) -> 0 | R68: =IF(D68>=50%,1,0) -> 0 | S68: =IF(E68>=50%,1,0) -> 0 | T68: =IF(F68>=50%,1,0) -> 0 | U68: =IF(G68>=50%,1,0) -> 0 | V68: =IF(H68>=50%,1,0) -> 0 | W68: =IF(I68>=50%,1,0) -> 0 | X68: =IF(J68>=50%,1,0) -> 0 | Y68: =IF(K68>=50%,1,0) -> 0 | Z68: =SUM(Q68:Y68) -> 0 | AA68: =IF(C68>=100%,1,0) -> 0 | AB68: =IF(D68>=100%,1,0) -> 0 | AC68: =IF(E68>=100%,1,0) -> 0 | AD68: =IF(F68>=100%,1,0) -> 0 | AE68: =IF(G68>=100%,1,0) -> 0 | AF68: =IF(H68>=100%,1,0) -> 0 | AG68: =IF(I68>=100%,1,0) -> 0 | AH68: =IF(J68>=100%,1,0) -> 0 | AI68: =IF(K68>=100%,1,0) -> 0 | AJ68: =SUM(AA68:AI68) -> 0
A69: 215 | B69: GOMEZ GUSTAVO | C69: =VLOOKUP(A69,INCENTIVO!A:E,5,0) -> 0.21428571 | D69: =VLOOKUP(A69,INCENTIVO!A:H,8,0) -> 0.26666667 | E69: =VLOOKUP(A69,INCENTIVO!A:K,11,0) -> 0.125 | F69: =VLOOKUP(A69,INCENTIVO!A:N,14,0) -> 0.0625 | G69: =VLOOKUP(A69,INCENTIVO!A:Q,17,0) -> 0.083333333 | H69: =VLOOKUP(A69,INCENTIVO!A:T,20,0) -> 0.17391304 | I69: =VLOOKUP(A69,INCENTIVO!A:W,23,0) -> 0.11764706 | J69: =VLOOKUP(A69,INCENTIVO!A:Z,26,0) -> 0.044432372 | K69: =VLOOKUP(A69,INCENTIVO!A:AC,29,0) -> 0.33333333 | L69: =AVERAGE(C69:J69) -> 0.13597227 | M69: =VLOOKUP(A69,RANKING!A:C,3,0) -> 65 | Q69: =IF(C69>=50%,1,0) -> 0 | R69: =IF(D69>=50%,1,0) -> 0 | S69: =IF(E69>=50%,1,0) -> 0 | T69: =IF(F69>=50%,1,0) -> 0 | U69: =IF(G69>=50%,1,0) -> 0 | V69: =IF(H69>=50%,1,0) -> 0 | W69: =IF(I69>=50%,1,0) -> 0 | X69: =IF(J69>=50%,1,0) -> 0 | Y69: =IF(K69>=50%,1,0) -> 0 | Z69: =SUM(Q69:Y69) -> 0 | AA69: =IF(C69>=100%,1,0) -> 0 | AB69: =IF(D69>=100%,1,0) -> 0 | AC69: =IF(E69>=100%,1,0) -> 0 | AD69: =IF(F69>=100%,1,0) -> 0 | AE69: =IF(G69>=100%,1,0) -> 0 | AF69: =IF(H69>=100%,1,0) -> 0 | AG69: =IF(I69>=100%,1,0) -> 0 | AH69: =IF(J69>=100%,1,0) -> 0 | AI69: =IF(K69>=100%,1,0) -> 0 | AJ69: =SUM(AA69:AI69) -> 0
A70: 246 | B70: JALDIN ALEX | C70: =VLOOKUP(A70,INCENTIVO!A:E,5,0) -> 0 | D70: =VLOOKUP(A70,INCENTIVO!A:H,8,0) -> 0 | E70: =VLOOKUP(A70,INCENTIVO!A:K,11,0) -> 0.058823529 | F70: =VLOOKUP(A70,INCENTIVO!A:N,14,0) -> 0.058823529 | G70: =VLOOKUP(A70,INCENTIVO!A:Q,17,0) -> 0 | H70: =VLOOKUP(A70,INCENTIVO!A:T,20,0) -> 0.2173913 | I70: =VLOOKUP(A70,INCENTIVO!A:W,23,0) -> 0.27777778 | J70: =VLOOKUP(A70,INCENTIVO!A:Z,26,0) -> 0.10743782 | K70: =VLOOKUP(A70,INCENTIVO!A:AC,29,0) -> 0.23076923 | L70: =AVERAGE(C70:J70) -> 0.090031745 | M70: =VLOOKUP(A70,RANKING!A:C,3,0) -> 88 | Q70: =IF(C70>=50%,1,0) -> 0 | R70: =IF(D70>=50%,1,0) -> 0 | S70: =IF(E70>=50%,1,0) -> 0 | T70: =IF(F70>=50%,1,0) -> 0 | U70: =IF(G70>=50%,1,0) -> 0 | V70: =IF(H70>=50%,1,0) -> 0 | W70: =IF(I70>=50%,1,0) -> 0 | X70: =IF(J70>=50%,1,0) -> 0 | Y70: =IF(K70>=50%,1,0) -> 0 | Z70: =SUM(Q70:Y70) -> 0 | AA70: =IF(C70>=100%,1,0) -> 0 | AB70: =IF(D70>=100%,1,0) -> 0 | AC70: =IF(E70>=100%,1,0) -> 0 | AD70: =IF(F70>=100%,1,0) -> 0 | AE70: =IF(G70>=100%,1,0) -> 0 | AF70: =IF(H70>=100%,1,0) -> 0 | AG70: =IF(I70>=100%,1,0) -> 0 | AH70: =IF(J70>=100%,1,0) -> 0 | AI70: =IF(K70>=100%,1,0) -> 0 | AJ70: =SUM(AA70:AI70) -> 0
A71: 385 | B71: SPROVIERI JULIAN | C71: =VLOOKUP(A71,INCENTIVO!A:E,5,0) -> 0 | D71: =VLOOKUP(A71,INCENTIVO!A:H,8,0) -> 0.26666667 | E71: =VLOOKUP(A71,INCENTIVO!A:K,11,0) -> 0.0625 | F71: =VLOOKUP(A71,INCENTIVO!A:N,14,0) -> 0 | G71: =VLOOKUP(A71,INCENTIVO!A:Q,17,0) -> 0 | H71: =VLOOKUP(A71,INCENTIVO!A:T,20,0) -> 0.13043478 | I71: =VLOOKUP(A71,INCENTIVO!A:W,23,0) -> 0.29411765 | J71: =VLOOKUP(A71,INCENTIVO!A:Z,26,0) -> 0.054017739 | K71: =VLOOKUP(A71,INCENTIVO!A:AC,29,0) -> 0.66666667 | L71: =AVERAGE(C71:J71) -> 0.1009671 | M71: =VLOOKUP(A71,RANKING!A:C,3,0) -> 83 | Q71: =IF(C71>=50%,1,0) -> 0 | R71: =IF(D71>=50%,1,0) -> 0 | S71: =IF(E71>=50%,1,0) -> 0 | T71: =IF(F71>=50%,1,0) -> 0 | U71: =IF(G71>=50%,1,0) -> 0 | V71: =IF(H71>=50%,1,0) -> 0 | W71: =IF(I71>=50%,1,0) -> 0 | X71: =IF(J71>=50%,1,0) -> 0 | Y71: =IF(K71>=50%,1,0) -> 1 | Z71: =SUM(Q71:Y71) -> 1 | AA71: =IF(C71>=100%,1,0) -> 0 | AB71: =IF(D71>=100%,1,0) -> 0 | AC71: =IF(E71>=100%,1,0) -> 0 | AD71: =IF(F71>=100%,1,0) -> 0 | AE71: =IF(G71>=100%,1,0) -> 0 | AF71: =IF(H71>=100%,1,0) -> 0 | AG71: =IF(I71>=100%,1,0) -> 0 | AH71: =IF(J71>=100%,1,0) -> 0 | AI71: =IF(K71>=100%,1,0) -> 0 | AJ71: =SUM(AA71:AI71) -> 0
A72: 201 | B72: ALBARENGA ALEJANDRA | C72: =VLOOKUP(A72,INCENTIVO!A:E,5,0) -> 0.21428571 | D72: =VLOOKUP(A72,INCENTIVO!A:H,8,0) -> 0.066666667 | E72: =VLOOKUP(A72,INCENTIVO!A:K,11,0) -> 0.125 | F72: =VLOOKUP(A72,INCENTIVO!A:N,14,0) -> 0 | G72: =VLOOKUP(A72,INCENTIVO!A:Q,17,0) -> 0 | H72: =VLOOKUP(A72,INCENTIVO!A:T,20,0) -> 0.13636364 | I72: =VLOOKUP(A72,INCENTIVO!A:W,23,0) -> 0.29411765 | J72: =VLOOKUP(A72,INCENTIVO!A:Z,26,0) -> 0.19446945 | K72: =VLOOKUP(A72,INCENTIVO!A:AC,29,0) -> 0.25 | L72: =AVERAGE(C72:J72) -> 0.12886289 | M72: =VLOOKUP(A72,RANKING!A:C,3,0) -> 71 | Q72: =IF(C72>=50%,1,0) -> 0 | R72: =IF(D72>=50%,1,0) -> 0 | S72: =IF(E72>=50%,1,0) -> 0 | T72: =IF(F72>=50%,1,0) -> 0 | U72: =IF(G72>=50%,1,0) -> 0 | V72: =IF(H72>=50%,1,0) -> 0 | W72: =IF(I72>=50%,1,0) -> 0 | X72: =IF(J72>=50%,1,0) -> 0 | Y72: =IF(K72>=50%,1,0) -> 0 | Z72: =SUM(Q72:Y72) -> 0 | AA72: =IF(C72>=100%,1,0) -> 0 | AB72: =IF(D72>=100%,1,0) -> 0 | AC72: =IF(E72>=100%,1,0) -> 0 | AD72: =IF(F72>=100%,1,0) -> 0 | AE72: =IF(G72>=100%,1,0) -> 0 | AF72: =IF(H72>=100%,1,0) -> 0 | AG72: =IF(I72>=100%,1,0) -> 0 | AH72: =IF(J72>=100%,1,0) -> 0 | AI72: =IF(K72>=100%,1,0) -> 0 | AJ72: =SUM(AA72:AI72) -> 0
A73: 240 | B73: YANI VIRGINIA | C73: =VLOOKUP(A73,INCENTIVO!A:E,5,0) -> 0.071428571 | D73: =VLOOKUP(A73,INCENTIVO!A:H,8,0) -> 0.066666667 | E73: =VLOOKUP(A73,INCENTIVO!A:K,11,0) -> 0.125 | F73: =VLOOKUP(A73,INCENTIVO!A:N,14,0) -> 0.0625 | G73: =VLOOKUP(A73,INCENTIVO!A:Q,17,0) -> 0 | H73: =VLOOKUP(A73,INCENTIVO!A:T,20,0) -> 0.18181818 | I73: =VLOOKUP(A73,INCENTIVO!A:W,23,0) -> 0.11764706 | J73: =VLOOKUP(A73,INCENTIVO!A:Z,26,0) -> 0.04361656 | K73: =VLOOKUP(A73,INCENTIVO!A:AC,29,0) -> 0 | L73: =AVERAGE(C73:J73) -> 0.08358463 | M73: =VLOOKUP(A73,RANKING!A:C,3,0) -> 90 | Q73: =IF(C73>=50%,1,0) -> 0 | R73: =IF(D73>=50%,1,0) -> 0 | S73: =IF(E73>=50%,1,0) -> 0 | T73: =IF(F73>=50%,1,0) -> 0 | U73: =IF(G73>=50%,1,0) -> 0 | V73: =IF(H73>=50%,1,0) -> 0 | W73: =IF(I73>=50%,1,0) -> 0 | X73: =IF(J73>=50%,1,0) -> 0 | Y73: =IF(K73>=50%,1,0) -> 0 | Z73: =SUM(Q73:Y73) -> 0 | AA73: =IF(C73>=100%,1,0) -> 0 | AB73: =IF(D73>=100%,1,0) -> 0 | AC73: =IF(E73>=100%,1,0) -> 0 | AD73: =IF(F73>=100%,1,0) -> 0 | AE73: =IF(G73>=100%,1,0) -> 0 | AF73: =IF(H73>=100%,1,0) -> 0 | AG73: =IF(I73>=100%,1,0) -> 0 | AH73: =IF(J73>=100%,1,0) -> 0 | AI73: =IF(K73>=100%,1,0) -> 0 | AJ73: =SUM(AA73:AI73) -> 0
A74: Zona 320 | B74: Monica Navarrete | C74: =VLOOKUP(A74,INCENTIVO!A:E,5,0) -> 0.080645161 | D74: =VLOOKUP(A74,INCENTIVO!A:H,8,0) -> 0.15909091 | E74: =VLOOKUP(A74,INCENTIVO!A:K,11,0) -> 0.14184397 | F74: =VLOOKUP(A74,INCENTIVO!A:N,14,0) -> 0.035460993 | G74: =VLOOKUP(A74,INCENTIVO!A:Q,17,0) -> 0.018691589 | H74: =VLOOKUP(A74,INCENTIVO!A:T,20,0) -> 0.17171717 | I74: =VLOOKUP(A74,INCENTIVO!A:W,23,0) -> 0.24324324 | J74: =VLOOKUP(A74,INCENTIVO!A:Z,26,0) -> 0.077061708 | K74: =VLOOKUP(A74,INCENTIVO!A:AC,29,0) -> 0.22429907 | L74: =AVERAGE(C74:J74) -> 0.11596934 | Q74: =IF(C74>=50%,1,0) -> 0 | R74: =IF(D74>=50%,1,0) -> 0 | S74: =IF(E74>=50%,1,0) -> 0 | T74: =IF(F74>=50%,1,0) -> 0 | U74: =IF(G74>=50%,1,0) -> 0 | V74: =IF(H74>=50%,1,0) -> 0 | W74: =IF(I74>=50%,1,0) -> 0 | X74: =IF(J74>=50%,1,0) -> 0 | Y74: =IF(K74>=50%,1,0) -> 0 | Z74: =SUM(Q74:Y74) -> 0 | AA74: =IF(C74>=100%,1,0) -> 0 | AB74: =IF(D74>=100%,1,0) -> 0 | AC74: =IF(E74>=100%,1,0) -> 0 | AD74: =IF(F74>=100%,1,0) -> 0 | AE74: =IF(G74>=100%,1,0) -> 0 | AF74: =IF(H74>=100%,1,0) -> 0 | AG74: =IF(I74>=100%,1,0) -> 0 | AH74: =IF(J74>=100%,1,0) -> 0 | AI74: =IF(K74>=100%,1,0) -> 0 | AJ74: =SUM(AA74:AI74) -> 0
A75: 115 | B75: GOTTFRIED GABRIEL | C75: =VLOOKUP(A75,INCENTIVO!A:E,5,0) -> 0.31818182 | D75: =VLOOKUP(A75,INCENTIVO!A:H,8,0) -> 0.45833333 | E75: =VLOOKUP(A75,INCENTIVO!A:K,11,0) -> 0.32 | F75: =VLOOKUP(A75,INCENTIVO!A:N,14,0) -> 0.44 | G75: =VLOOKUP(A75,INCENTIVO!A:Q,17,0) -> 0.21052632 | H75: =VLOOKUP(A75,INCENTIVO!A:T,20,0) -> 0.45714286 | I75: =VLOOKUP(A75,INCENTIVO!A:W,23,0) -> 0 | J75: =VLOOKUP(A75,INCENTIVO!A:Z,26,0) -> 0.075904258 | K75: =VLOOKUP(A75,INCENTIVO!A:AC,29,0) -> 0.36842105 | L75: =AVERAGE(C75:J75) -> 0.28501107 | M75: =VLOOKUP(A75,RANKING!A:C,3,0) -> 25 | Q75: =IF(C75>=50%,1,0) -> 0 | R75: =IF(D75>=50%,1,0) -> 0 | S75: =IF(E75>=50%,1,0) -> 0 | T75: =IF(F75>=50%,1,0) -> 0 | U75: =IF(G75>=50%,1,0) -> 0 | V75: =IF(H75>=50%,1,0) -> 0 | W75: =IF(I75>=50%,1,0) -> 0 | X75: =IF(J75>=50%,1,0) -> 0 | Y75: =IF(K75>=50%,1,0) -> 0 | Z75: =SUM(Q75:Y75) -> 0 | AA75: =IF(C75>=100%,1,0) -> 0 | AB75: =IF(D75>=100%,1,0) -> 0 | AC75: =IF(E75>=100%,1,0) -> 0 | AD75: =IF(F75>=100%,1,0) -> 0 | AE75: =IF(G75>=100%,1,0) -> 0 | AF75: =IF(H75>=100%,1,0) -> 0 | AG75: =IF(I75>=100%,1,0) -> 0 | AH75: =IF(J75>=100%,1,0) -> 0 | AI75: =IF(K75>=100%,1,0) -> 0 | AJ75: =SUM(AA75:AI75) -> 0
A76: 105 | B76: CAPASSO GABRIELA | C76: =VLOOKUP(A76,INCENTIVO!A:E,5,0) -> 0.10526316 | D76: =VLOOKUP(A76,INCENTIVO!A:H,8,0) -> 0.75 | E76: =VLOOKUP(A76,INCENTIVO!A:K,11,0) -> 0.47619048 | F76: =VLOOKUP(A76,INCENTIVO!A:N,14,0) -> 0.23809524 | G76: =VLOOKUP(A76,INCENTIVO!A:Q,17,0) -> 0 | H76: =VLOOKUP(A76,INCENTIVO!A:T,20,0) -> 0.26666667 | I76: =VLOOKUP(A76,INCENTIVO!A:W,23,0) -> 0.22727273 | J76: =VLOOKUP(A76,INCENTIVO!A:Z,26,0) -> 0.083377896 | K76: =VLOOKUP(A76,INCENTIVO!A:AC,29,0) -> 0.5625 | L76: =AVERAGE(C76:J76) -> 0.26835827 | M76: =VLOOKUP(A76,RANKING!A:C,3,0) -> 29 | Q76: =IF(C76>=50%,1,0) -> 0 | R76: =IF(D76>=50%,1,0) -> 1 | S76: =IF(E76>=50%,1,0) -> 0 | T76: =IF(F76>=50%,1,0) -> 0 | U76: =IF(G76>=50%,1,0) -> 0 | V76: =IF(H76>=50%,1,0) -> 0 | W76: =IF(I76>=50%,1,0) -> 0 | X76: =IF(J76>=50%,1,0) -> 0 | Y76: =IF(K76>=50%,1,0) -> 1 | Z76: =SUM(Q76:Y76) -> 2 | AA76: =IF(C76>=100%,1,0) -> 0 | AB76: =IF(D76>=100%,1,0) -> 0 | AC76: =IF(E76>=100%,1,0) -> 0 | AD76: =IF(F76>=100%,1,0) -> 0 | AE76: =IF(G76>=100%,1,0) -> 0 | AF76: =IF(H76>=100%,1,0) -> 0 | AG76: =IF(I76>=100%,1,0) -> 0 | AH76: =IF(J76>=100%,1,0) -> 0 | AI76: =IF(K76>=100%,1,0) -> 0 | AJ76: =SUM(AA76:AI76) -> 0
A77: 101 | B77: RUIZ MATIAS | C77: =VLOOKUP(A77,INCENTIVO!A:E,5,0) -> 0.066666667 | D77: =VLOOKUP(A77,INCENTIVO!A:H,8,0) -> 0.17647059 | E77: =VLOOKUP(A77,INCENTIVO!A:K,11,0) -> 0.17647059 | F77: =VLOOKUP(A77,INCENTIVO!A:N,14,0) -> 0 | G77: =VLOOKUP(A77,INCENTIVO!A:Q,17,0) -> 0 | H77: =VLOOKUP(A77,INCENTIVO!A:T,20,0) -> 0.24 | I77: =VLOOKUP(A77,INCENTIVO!A:W,23,0) -> 0.052631579 | J77: =VLOOKUP(A77,INCENTIVO!A:Z,26,0) -> 0.30048735 | K77: =VLOOKUP(A77,INCENTIVO!A:AC,29,0) -> 0.23076923 | L77: =AVERAGE(C77:J77) -> 0.12659085 | M77: =VLOOKUP(A77,RANKING!A:C,3,0) -> 74 | Q77: =IF(C77>=50%,1,0) -> 0 | R77: =IF(D77>=50%,1,0) -> 0 | S77: =IF(E77>=50%,1,0) -> 0 | T77: =IF(F77>=50%,1,0) -> 0 | U77: =IF(G77>=50%,1,0) -> 0 | V77: =IF(H77>=50%,1,0) -> 0 | W77: =IF(I77>=50%,1,0) -> 0 | X77: =IF(J77>=50%,1,0) -> 0 | Y77: =IF(K77>=50%,1,0) -> 0 | Z77: =SUM(Q77:Y77) -> 0 | AA77: =IF(C77>=100%,1,0) -> 0 | AB77: =IF(D77>=100%,1,0) -> 0 | AC77: =IF(E77>=100%,1,0) -> 0 | AD77: =IF(F77>=100%,1,0) -> 0 | AE77: =IF(G77>=100%,1,0) -> 0 | AF77: =IF(H77>=100%,1,0) -> 0 | AG77: =IF(I77>=100%,1,0) -> 0 | AH77: =IF(J77>=100%,1,0) -> 0 | AI77: =IF(K77>=100%,1,0) -> 0 | AJ77: =SUM(AA77:AI77) -> 0
A78: 160 | B78: CHAVES NAHUEL | C78: =VLOOKUP(A78,INCENTIVO!A:E,5,0) -> 0.095238095 | D78: =VLOOKUP(A78,INCENTIVO!A:H,8,0) -> 0.22727273 | E78: =VLOOKUP(A78,INCENTIVO!A:K,11,0) -> 0.13043478 | F78: =VLOOKUP(A78,INCENTIVO!A:N,14,0) -> 0.043478261 | G78: =VLOOKUP(A78,INCENTIVO!A:Q,17,0) -> 0 | H78: =VLOOKUP(A78,INCENTIVO!A:T,20,0) -> 0.03030303 | I78: =VLOOKUP(A78,INCENTIVO!A:W,23,0) -> 0.12 | J78: =VLOOKUP(A78,INCENTIVO!A:Z,26,0) -> 0.083228387 | K78: =VLOOKUP(A78,INCENTIVO!A:AC,29,0) -> 0.16666667 | L78: =AVERAGE(C78:J78) -> 0.09124441 | M78: =VLOOKUP(A78,RANKING!A:C,3,0) -> 87 | Q78: =IF(C78>=50%,1,0) -> 0 | R78: =IF(D78>=50%,1,0) -> 0 | S78: =IF(E78>=50%,1,0) -> 0 | T78: =IF(F78>=50%,1,0) -> 0 | U78: =IF(G78>=50%,1,0) -> 0 | V78: =IF(H78>=50%,1,0) -> 0 | W78: =IF(I78>=50%,1,0) -> 0 | X78: =IF(J78>=50%,1,0) -> 0 | Y78: =IF(K78>=50%,1,0) -> 0 | Z78: =SUM(Q78:Y78) -> 0 | AA78: =IF(C78>=100%,1,0) -> 0 | AB78: =IF(D78>=100%,1,0) -> 0 | AC78: =IF(E78>=100%,1,0) -> 0 | AD78: =IF(F78>=100%,1,0) -> 0 | AE78: =IF(G78>=100%,1,0) -> 0 | AF78: =IF(H78>=100%,1,0) -> 0 | AG78: =IF(I78>=100%,1,0) -> 0 | AH78: =IF(J78>=100%,1,0) -> 0 | AI78: =IF(K78>=100%,1,0) -> 0 | AJ78: =SUM(AA78:AI78) -> 0
A79: 125 | B79: GUEVARA BUSTTY CINDY | C79: =VLOOKUP(A79,INCENTIVO!A:E,5,0) -> 0.11764706 | D79: =VLOOKUP(A79,INCENTIVO!A:H,8,0) -> 0.16666667 | E79: =VLOOKUP(A79,INCENTIVO!A:K,11,0) -> 0.21052632 | F79: =VLOOKUP(A79,INCENTIVO!A:N,14,0) -> 0 | G79: =VLOOKUP(A79,INCENTIVO!A:Q,17,0) -> 0.066666667 | H79: =VLOOKUP(A79,INCENTIVO!A:T,20,0) -> 0.14814815 | I79: =VLOOKUP(A79,INCENTIVO!A:W,23,0) -> 0.28571429 | J79: =VLOOKUP(A79,INCENTIVO!A:Z,26,0) -> 0.067496652 | K79: =VLOOKUP(A79,INCENTIVO!A:AC,29,0) -> 0.26666667 | L79: =AVERAGE(C79:J79) -> 0.13285822 | M79: =VLOOKUP(A79,RANKING!A:C,3,0) -> 68 | Q79: =IF(C79>=50%,1,0) -> 0 | R79: =IF(D79>=50%,1,0) -> 0 | S79: =IF(E79>=50%,1,0) -> 0 | T79: =IF(F79>=50%,1,0) -> 0 | U79: =IF(G79>=50%,1,0) -> 0 | V79: =IF(H79>=50%,1,0) -> 0 | W79: =IF(I79>=50%,1,0) -> 0 | X79: =IF(J79>=50%,1,0) -> 0 | Y79: =IF(K79>=50%,1,0) -> 0 | Z79: =SUM(Q79:Y79) -> 0 | AA79: =IF(C79>=100%,1,0) -> 0 | AB79: =IF(D79>=100%,1,0) -> 0 | AC79: =IF(E79>=100%,1,0) -> 0 | AD79: =IF(F79>=100%,1,0) -> 0 | AE79: =IF(G79>=100%,1,0) -> 0 | AF79: =IF(H79>=100%,1,0) -> 0 | AG79: =IF(I79>=100%,1,0) -> 0 | AH79: =IF(J79>=100%,1,0) -> 0 | AI79: =IF(K79>=100%,1,0) -> 0 | AJ79: =SUM(AA79:AI79) -> 0
A80: 120 | B80: TORALES DAVID NICOLAS | C80: =VLOOKUP(A80,INCENTIVO!A:E,5,0) -> 0.055555556 | D80: =VLOOKUP(A80,INCENTIVO!A:H,8,0) -> 0.15789474 | E80: =VLOOKUP(A80,INCENTIVO!A:K,11,0) -> 0.05 | F80: =VLOOKUP(A80,INCENTIVO!A:N,14,0) -> 0 | G80: =VLOOKUP(A80,INCENTIVO!A:Q,17,0) -> 0 | H80: =VLOOKUP(A80,INCENTIVO!A:T,20,0) -> 0.24137931 | I80: =VLOOKUP(A80,INCENTIVO!A:W,23,0) -> 0.095238095 | J80: =VLOOKUP(A80,INCENTIVO!A:Z,26,0) -> 0.090568036 | K80: =VLOOKUP(A80,INCENTIVO!A:AC,29,0) -> 0 | L80: =AVERAGE(C80:J80) -> 0.086329467 | M80: =VLOOKUP(A80,RANKING!A:C,3,0) -> 89 | Q80: =IF(C80>=50%,1,0) -> 0 | R80: =IF(D80>=50%,1,0) -> 0 | S80: =IF(E80>=50%,1,0) -> 0 | T80: =IF(F80>=50%,1,0) -> 0 | U80: =IF(G80>=50%,1,0) -> 0 | V80: =IF(H80>=50%,1,0) -> 0 | W80: =IF(I80>=50%,1,0) -> 0 | X80: =IF(J80>=50%,1,0) -> 0 | Y80: =IF(K80>=50%,1,0) -> 0 | Z80: =SUM(Q80:Y80) -> 0 | AA80: =IF(C80>=100%,1,0) -> 0 | AB80: =IF(D80>=100%,1,0) -> 0 | AC80: =IF(E80>=100%,1,0) -> 0 | AD80: =IF(F80>=100%,1,0) -> 0 | AE80: =IF(G80>=100%,1,0) -> 0 | AF80: =IF(H80>=100%,1,0) -> 0 | AG80: =IF(I80>=100%,1,0) -> 0 | AH80: =IF(J80>=100%,1,0) -> 0 | AI80: =IF(K80>=100%,1,0) -> 0 | AJ80: =SUM(AA80:AI80) -> 0
A81: 141 | B81: NOVAK ANDREA | C81: =VLOOKUP(A81,INCENTIVO!A:E,5,0) -> 0.25 | D81: =VLOOKUP(A81,INCENTIVO!A:H,8,0) -> 0.47058824 | E81: =VLOOKUP(A81,INCENTIVO!A:K,11,0) -> 0.22222222 | F81: =VLOOKUP(A81,INCENTIVO!A:N,14,0) -> 0.16666667 | G81: =VLOOKUP(A81,INCENTIVO!A:Q,17,0) -> 0.14285714 | H81: =VLOOKUP(A81,INCENTIVO!A:T,20,0) -> 0.36 | I81: =VLOOKUP(A81,INCENTIVO!A:W,23,0) -> 0.052631579 | J81: =VLOOKUP(A81,INCENTIVO!A:Z,26,0) -> 0.16753248 | K81: =VLOOKUP(A81,INCENTIVO!A:AC,29,0) -> 0.21428571 | L81: =AVERAGE(C81:J81) -> 0.22906229 | M81: =VLOOKUP(A81,RANKING!A:C,3,0) -> 35 | Q81: =IF(C81>=50%,1,0) -> 0 | R81: =IF(D81>=50%,1,0) -> 0 | S81: =IF(E81>=50%,1,0) -> 0 | T81: =IF(F81>=50%,1,0) -> 0 | U81: =IF(G81>=50%,1,0) -> 0 | V81: =IF(H81>=50%,1,0) -> 0 | W81: =IF(I81>=50%,1,0) -> 0 | X81: =IF(J81>=50%,1,0) -> 0 | Y81: =IF(K81>=50%,1,0) -> 0 | Z81: =SUM(Q81:Y81) -> 0 | AA81: =IF(C81>=100%,1,0) -> 0 | AB81: =IF(D81>=100%,1,0) -> 0 | AC81: =IF(E81>=100%,1,0) -> 0 | AD81: =IF(F81>=100%,1,0) -> 0 | AE81: =IF(G81>=100%,1,0) -> 0 | AF81: =IF(H81>=100%,1,0) -> 0 | AG81: =IF(I81>=100%,1,0) -> 0 | AH81: =IF(J81>=100%,1,0) -> 0 | AI81: =IF(K81>=100%,1,0) -> 0 | AJ81: =SUM(AA81:AI81) -> 0
A82: 155 | B82: CARPE PABLO | C82: =VLOOKUP(A82,INCENTIVO!A:E,5,0) -> 0.066666667 | D82: =VLOOKUP(A82,INCENTIVO!A:H,8,0) -> 0.625 | E82: =VLOOKUP(A82,INCENTIVO!A:K,11,0) -> 0.29411765 | F82: =VLOOKUP(A82,INCENTIVO!A:N,14,0) -> 0 | G82: =VLOOKUP(A82,INCENTIVO!A:Q,17,0) -> 0 | H82: =VLOOKUP(A82,INCENTIVO!A:T,20,0) -> 0.2173913 | I82: =VLOOKUP(A82,INCENTIVO!A:W,23,0) -> 0 | J82: =VLOOKUP(A82,INCENTIVO!A:Z,26,0) -> 0.095506118 | K82: =VLOOKUP(A82,INCENTIVO!A:AC,29,0) -> 0.30769231 | L82: =AVERAGE(C82:J82) -> 0.16233522 | M82: =VLOOKUP(A82,RANKING!A:C,3,0) -> 54 | Q82: =IF(C82>=50%,1,0) -> 0 | R82: =IF(D82>=50%,1,0) -> 1 | S82: =IF(E82>=50%,1,0) -> 0 | T82: =IF(F82>=50%,1,0) -> 0 | U82: =IF(G82>=50%,1,0) -> 0 | V82: =IF(H82>=50%,1,0) -> 0 | W82: =IF(I82>=50%,1,0) -> 0 | X82: =IF(J82>=50%,1,0) -> 0 | Y82: =IF(K82>=50%,1,0) -> 0 | Z82: =SUM(Q82:Y82) -> 1 | AA82: =IF(C82>=100%,1,0) -> 0 | AB82: =IF(D82>=100%,1,0) -> 0 | AC82: =IF(E82>=100%,1,0) -> 0 | AD82: =IF(F82>=100%,1,0) -> 0 | AE82: =IF(G82>=100%,1,0) -> 0 | AF82: =IF(H82>=100%,1,0) -> 0 | AG82: =IF(I82>=100%,1,0) -> 0 | AH82: =IF(J82>=100%,1,0) -> 0 | AI82: =IF(K82>=100%,1,0) -> 0 | AJ82: =SUM(AA82:AI82) -> 0
A83: Zona 340 | B83: Sebastian Parodis | C83: =VLOOKUP(A83,INCENTIVO!A:E,5,0) -> 0.13986014 | D83: =VLOOKUP(A83,INCENTIVO!A:H,8,0) -> 0.37908497 | E83: =VLOOKUP(A83,INCENTIVO!A:K,11,0) -> 0.2375 | F83: =VLOOKUP(A83,INCENTIVO!A:N,14,0) -> 0.125 | G83: =VLOOKUP(A83,INCENTIVO!A:Q,17,0) -> 0.056451613 | H83: =VLOOKUP(A83,INCENTIVO!A:T,20,0) -> 0.24669604 | I83: =VLOOKUP(A83,INCENTIVO!A:W,23,0) -> 0.10465116 | J83: =VLOOKUP(A83,INCENTIVO!A:Z,26,0) -> 0.10558336 | K83: =VLOOKUP(A83,INCENTIVO!A:AC,29,0) -> 0.26612903 | L83: =AVERAGE(C83:J83) -> 0.17435341 | Q83: =IF(C83>=50%,1,0) -> 0 | R83: =IF(D83>=50%,1,0) -> 0 | S83: =IF(E83>=50%,1,0) -> 0 | T83: =IF(F83>=50%,1,0) -> 0 | U83: =IF(G83>=50%,1,0) -> 0 | V83: =IF(H83>=50%,1,0) -> 0 | W83: =IF(I83>=50%,1,0) -> 0 | X83: =IF(J83>=50%,1,0) -> 0 | Y83: =IF(K83>=50%,1,0) -> 0 | Z83: =SUM(Q83:Y83) -> 0 | AA83: =IF(C83>=100%,1,0) -> 0 | AB83: =IF(D83>=100%,1,0) -> 0 | AC83: =IF(E83>=100%,1,0) -> 0 | AD83: =IF(F83>=100%,1,0) -> 0 | AE83: =IF(G83>=100%,1,0) -> 0 | AF83: =IF(H83>=100%,1,0) -> 0 | AG83: =IF(I83>=100%,1,0) -> 0 | AH83: =IF(J83>=100%,1,0) -> 0 | AI83: =IF(K83>=100%,1,0) -> 0 | AJ83: =SUM(AA83:AI83) -> 0
A84: 102 | B84: REUSSI CRISTIAN | C84: =VLOOKUP(A84,INCENTIVO!A:E,5,0) -> 0.53846154 | D84: =VLOOKUP(A84,INCENTIVO!A:H,8,0) -> 0.64285714 | E84: =VLOOKUP(A84,INCENTIVO!A:K,11,0) -> 0.4 | F84: =VLOOKUP(A84,INCENTIVO!A:N,14,0) -> 0.4 | G84: =VLOOKUP(A84,INCENTIVO!A:Q,17,0) -> 0 | H84: =VLOOKUP(A84,INCENTIVO!A:T,20,0) -> 0.42857143 | I84: =VLOOKUP(A84,INCENTIVO!A:W,23,0) -> 0.2 | J84: =VLOOKUP(A84,INCENTIVO!A:Z,26,0) -> 1.2321016 | K84: =VLOOKUP(A84,INCENTIVO!A:AC,29,0) -> 0.090909091 | L84: =AVERAGE(C84:J84) -> 0.48024896 | M84: =VLOOKUP(A84,RANKING!A:C,3,0) -> 6 | Q84: =IF(C84>=50%,1,0) -> 1 | R84: =IF(D84>=50%,1,0) -> 1 | S84: =IF(E84>=50%,1,0) -> 0 | T84: =IF(F84>=50%,1,0) -> 0 | U84: =IF(G84>=50%,1,0) -> 0 | V84: =IF(H84>=50%,1,0) -> 0 | W84: =IF(I84>=50%,1,0) -> 0 | X84: =IF(J84>=50%,1,0) -> 1 | Y84: =IF(K84>=50%,1,0) -> 0 | Z84: =SUM(Q84:Y84) -> 3 | AA84: =IF(C84>=100%,1,0) -> 0 | AB84: =IF(D84>=100%,1,0) -> 0 | AC84: =IF(E84>=100%,1,0) -> 0 | AD84: =IF(F84>=100%,1,0) -> 0 | AE84: =IF(G84>=100%,1,0) -> 0 | AF84: =IF(H84>=100%,1,0) -> 0 | AG84: =IF(I84>=100%,1,0) -> 0 | AH84: =IF(J84>=100%,1,0) -> 1 | AI84: =IF(K84>=100%,1,0) -> 0 | AJ84: =SUM(AA84:AI84) -> 1
A85: 131 | B85: RIERA JUAN | C85: =VLOOKUP(A85,INCENTIVO!A:E,5,0) -> 1.1333333 | D85: =VLOOKUP(A85,INCENTIVO!A:H,8,0) -> 1.4375 | E85: =VLOOKUP(A85,INCENTIVO!A:K,11,0) -> 1.7647059 | F85: =VLOOKUP(A85,INCENTIVO!A:N,14,0) -> 1.2352941 | G85: =VLOOKUP(A85,INCENTIVO!A:Q,17,0) -> 0.46153846 | H85: =VLOOKUP(A85,INCENTIVO!A:T,20,0) -> 0.96 | I85: =VLOOKUP(A85,INCENTIVO!A:W,23,0) -> 0.83333333 | J85: =VLOOKUP(A85,INCENTIVO!A:Z,26,0) -> 0.22849355 | K85: =VLOOKUP(A85,INCENTIVO!A:AC,29,0) -> 1.6923077 | L85: =AVERAGE(C85:J85) -> 1.0067748 | M85: =VLOOKUP(A85,RANKING!A:C,3,0) -> 1 | Q85: =IF(C85>=50%,1,0) -> 1 | R85: =IF(D85>=50%,1,0) -> 1 | S85: =IF(E85>=50%,1,0) -> 1 | T85: =IF(F85>=50%,1,0) -> 1 | U85: =IF(G85>=50%,1,0) -> 0 | V85: =IF(H85>=50%,1,0) -> 1 | W85: =IF(I85>=50%,1,0) -> 1 | X85: =IF(J85>=50%,1,0) -> 0 | Y85: =IF(K85>=50%,1,0) -> 1 | Z85: =SUM(Q85:Y85) -> 7 | AA85: =IF(C85>=100%,1,0) -> 1 | AB85: =IF(D85>=100%,1,0) -> 1 | AC85: =IF(E85>=100%,1,0) -> 1 | AD85: =IF(F85>=100%,1,0) -> 1 | AE85: =IF(G85>=100%,1,0) -> 0 | AF85: =IF(H85>=100%,1,0) -> 0 | AG85: =IF(I85>=100%,1,0) -> 0 | AH85: =IF(J85>=100%,1,0) -> 0 | AI85: =IF(K85>=100%,1,0) -> 1 | AJ85: =SUM(AA85:AI85) -> 5
A86: 130 | B86: MUNILLA GIMENEZ YOEL | C86: =VLOOKUP(A86,INCENTIVO!A:E,5,0) -> 0.35294118 | D86: =VLOOKUP(A86,INCENTIVO!A:H,8,0) -> 0.83333333 | E86: =VLOOKUP(A86,INCENTIVO!A:K,11,0) -> 0.31578947 | F86: =VLOOKUP(A86,INCENTIVO!A:N,14,0) -> 0.21052632 | G86: =VLOOKUP(A86,INCENTIVO!A:Q,17,0) -> 0 | H86: =VLOOKUP(A86,INCENTIVO!A:T,20,0) -> 0.28571429 | I86: =VLOOKUP(A86,INCENTIVO!A:W,23,0) -> 0.095238095 | J86: =VLOOKUP(A86,INCENTIVO!A:Z,26,0) -> 0.12178551 | K86: =VLOOKUP(A86,INCENTIVO!A:AC,29,0) -> 0.2 | L86: =AVERAGE(C86:J86) -> 0.27691602 | M86: =VLOOKUP(A86,RANKING!A:C,3,0) -> 28 | Q86: =IF(C86>=50%,1,0) -> 0 | R86: =IF(D86>=50%,1,0) -> 1 | S86: =IF(E86>=50%,1,0) -> 0 | T86: =IF(F86>=50%,1,0) -> 0 | U86: =IF(G86>=50%,1,0) -> 0 | V86: =IF(H86>=50%,1,0) -> 0 | W86: =IF(I86>=50%,1,0) -> 0 | X86: =IF(J86>=50%,1,0) -> 0 | Y86: =IF(K86>=50%,1,0) -> 0 | Z86: =SUM(Q86:Y86) -> 1 | AA86: =IF(C86>=100%,1,0) -> 0 | AB86: =IF(D86>=100%,1,0) -> 0 | AC86: =IF(E86>=100%,1,0) -> 0 | AD86: =IF(F86>=100%,1,0) -> 0 | AE86: =IF(G86>=100%,1,0) -> 0 | AF86: =IF(H86>=100%,1,0) -> 0 | AG86: =IF(I86>=100%,1,0) -> 0 | AH86: =IF(J86>=100%,1,0) -> 0 | AI86: =IF(K86>=100%,1,0) -> 0 | AJ86: =SUM(AA86:AI86) -> 0
A87: 146 | B87: BLASCO MARGARITA | C87: =VLOOKUP(A87,INCENTIVO!A:E,5,0) -> 0.42857143 | D87: =VLOOKUP(A87,INCENTIVO!A:H,8,0) -> 0.4 | E87: =VLOOKUP(A87,INCENTIVO!A:K,11,0) -> 0.375 | F87: =VLOOKUP(A87,INCENTIVO!A:N,14,0) -> 0.5 | G87: =VLOOKUP(A87,INCENTIVO!A:Q,17,0) -> 0.23076923 | H87: =VLOOKUP(A87,INCENTIVO!A:T,20,0) -> 0.39130435 | I87: =VLOOKUP(A87,INCENTIVO!A:W,23,0) -> 0.17647059 | J87: =VLOOKUP(A87,INCENTIVO!A:Z,26,0) -> 0.14612984 | K87: =VLOOKUP(A87,INCENTIVO!A:AC,29,0) -> 0.61538462 | L87: =AVERAGE(C87:J87) -> 0.33103068 | M87: =VLOOKUP(A87,RANKING!A:C,3,0) -> 19 | Q87: =IF(C87>=50%,1,0) -> 0 | R87: =IF(D87>=50%,1,0) -> 0 | S87: =IF(E87>=50%,1,0) -> 0 | T87: =IF(F87>=50%,1,0) -> 1 | U87: =IF(G87>=50%,1,0) -> 0 | V87: =IF(H87>=50%,1,0) -> 0 | W87: =IF(I87>=50%,1,0) -> 0 | X87: =IF(J87>=50%,1,0) -> 0 | Y87: =IF(K87>=50%,1,0) -> 1 | Z87: =SUM(Q87:Y87) -> 2 | AA87: =IF(C87>=100%,1,0) -> 0 | AB87: =IF(D87>=100%,1,0) -> 0 | AC87: =IF(E87>=100%,1,0) -> 0 | AD87: =IF(F87>=100%,1,0) -> 0 | AE87: =IF(G87>=100%,1,0) -> 0 | AF87: =IF(H87>=100%,1,0) -> 0 | AG87: =IF(I87>=100%,1,0) -> 0 | AH87: =IF(J87>=100%,1,0) -> 0 | AI87: =IF(K87>=100%,1,0) -> 0 | AJ87: =SUM(AA87:AI87) -> 0
A88: 140 | B88: VILLATE JORGE GABRIEL | C88: =VLOOKUP(A88,INCENTIVO!A:E,5,0) -> 0.52631579 | D88: =VLOOKUP(A88,INCENTIVO!A:H,8,0) -> 1.25 | E88: =VLOOKUP(A88,INCENTIVO!A:K,11,0) -> 0.80952381 | F88: =VLOOKUP(A88,INCENTIVO!A:N,14,0) -> 0.52380952 | G88: =VLOOKUP(A88,INCENTIVO!A:Q,17,0) -> 0.0625 | H88: =VLOOKUP(A88,INCENTIVO!A:T,20,0) -> 0.63333333 | I88: =VLOOKUP(A88,INCENTIVO!A:W,23,0) -> 0.45454545 | J88: =VLOOKUP(A88,INCENTIVO!A:Z,26,0) -> 0.23471727 | K88: =VLOOKUP(A88,INCENTIVO!A:AC,29,0) -> 1.125 | L88: =AVERAGE(C88:J88) -> 0.56184315 | M88: =VLOOKUP(A88,RANKING!A:C,3,0) -> 4 | Q88: =IF(C88>=50%,1,0) -> 1 | R88: =IF(D88>=50%,1,0) -> 1 | S88: =IF(E88>=50%,1,0) -> 1 | T88: =IF(F88>=50%,1,0) -> 1 | U88: =IF(G88>=50%,1,0) -> 0 | V88: =IF(H88>=50%,1,0) -> 1 | W88: =IF(I88>=50%,1,0) -> 0 | X88: =IF(J88>=50%,1,0) -> 0 | Y88: =IF(K88>=50%,1,0) -> 1 | Z88: =SUM(Q88:Y88) -> 6 | AA88: =IF(C88>=100%,1,0) -> 0 | AB88: =IF(D88>=100%,1,0) -> 1 | AC88: =IF(E88>=100%,1,0) -> 0 | AD88: =IF(F88>=100%,1,0) -> 0 | AE88: =IF(G88>=100%,1,0) -> 0 | AF88: =IF(H88>=100%,1,0) -> 0 | AG88: =IF(I88>=100%,1,0) -> 0 | AH88: =IF(J88>=100%,1,0) -> 0 | AI88: =IF(K88>=100%,1,0) -> 1 | AJ88: =SUM(AA88:AI88) -> 2
A89: 135 | B89: RODRIGUEZ KARINA | C89: =VLOOKUP(A89,INCENTIVO!A:E,5,0) -> 0.38888889 | D89: =VLOOKUP(A89,INCENTIVO!A:H,8,0) -> 1 | E89: =VLOOKUP(A89,INCENTIVO!A:K,11,0) -> 0.42857143 | F89: =VLOOKUP(A89,INCENTIVO!A:N,14,0) -> 0.19047619 | G89: =VLOOKUP(A89,INCENTIVO!A:Q,17,0) -> 0.25 | H89: =VLOOKUP(A89,INCENTIVO!A:T,20,0) -> 0.31034483 | I89: =VLOOKUP(A89,INCENTIVO!A:W,23,0) -> 0.045454545 | J89: =VLOOKUP(A89,INCENTIVO!A:Z,26,0) -> 0.1725778 | K89: =VLOOKUP(A89,INCENTIVO!A:AC,29,0) -> 0.25 | L89: =AVERAGE(C89:J89) -> 0.34828921 | M89: =VLOOKUP(A89,RANKING!A:C,3,0) -> 13 | Q89: =IF(C89>=50%,1,0) -> 0 | R89: =IF(D89>=50%,1,0) -> 1 | S89: =IF(E89>=50%,1,0) -> 0 | T89: =IF(F89>=50%,1,0) -> 0 | U89: =IF(G89>=50%,1,0) -> 0 | V89: =IF(H89>=50%,1,0) -> 0 | W89: =IF(I89>=50%,1,0) -> 0 | X89: =IF(J89>=50%,1,0) -> 0 | Y89: =IF(K89>=50%,1,0) -> 0 | Z89: =SUM(Q89:Y89) -> 1 | AA89: =IF(C89>=100%,1,0) -> 0 | AB89: =IF(D89>=100%,1,0) -> 1 | AC89: =IF(E89>=100%,1,0) -> 0 | AD89: =IF(F89>=100%,1,0) -> 0 | AE89: =IF(G89>=100%,1,0) -> 0 | AF89: =IF(H89>=100%,1,0) -> 0 | AG89: =IF(I89>=100%,1,0) -> 0 | AH89: =IF(J89>=100%,1,0) -> 0 | AI89: =IF(K89>=100%,1,0) -> 0 | AJ89: =SUM(AA89:AI89) -> 1
A90: 170 | B90: JUAREZ DAIANA | C90: =VLOOKUP(A90,INCENTIVO!A:E,5,0) -> 0.13333333 | D90: =VLOOKUP(A90,INCENTIVO!A:H,8,0) -> 0.75 | E90: =VLOOKUP(A90,INCENTIVO!A:K,11,0) -> 0.58823529 | F90: =VLOOKUP(A90,INCENTIVO!A:N,14,0) -> 0.35294118 | G90: =VLOOKUP(A90,INCENTIVO!A:Q,17,0) -> 0.15384615 | H90: =VLOOKUP(A90,INCENTIVO!A:T,20,0) -> 0.375 | I90: =VLOOKUP(A90,INCENTIVO!A:W,23,0) -> 0.27777778 | J90: =VLOOKUP(A90,INCENTIVO!A:Z,26,0) -> 0.10395504 | K90: =VLOOKUP(A90,INCENTIVO!A:AC,29,0) -> 0.69230769 | L90: =AVERAGE(C90:J90) -> 0.3418861 | M90: =VLOOKUP(A90,RANKING!A:C,3,0) -> 16 | Q90: =IF(C90>=50%,1,0) -> 0 | R90: =IF(D90>=50%,1,0) -> 1 | S90: =IF(E90>=50%,1,0) -> 1 | T90: =IF(F90>=50%,1,0) -> 0 | U90: =IF(G90>=50%,1,0) -> 0 | V90: =IF(H90>=50%,1,0) -> 0 | W90: =IF(I90>=50%,1,0) -> 0 | X90: =IF(J90>=50%,1,0) -> 0 | Y90: =IF(K90>=50%,1,0) -> 1 | Z90: =SUM(Q90:Y90) -> 3 | AA90: =IF(C90>=100%,1,0) -> 0 | AB90: =IF(D90>=100%,1,0) -> 0 | AC90: =IF(E90>=100%,1,0) -> 0 | AD90: =IF(F90>=100%,1,0) -> 0 | AE90: =IF(G90>=100%,1,0) -> 0 | AF90: =IF(H90>=100%,1,0) -> 0 | AG90: =IF(I90>=100%,1,0) -> 0 | AH90: =IF(J90>=100%,1,0) -> 0 | AI90: =IF(K90>=100%,1,0) -> 0 | AJ90: =SUM(AA90:AI90) -> 0
A91: 104 | C91: =VLOOKUP(A91,INCENTIVO!A:E,5,0) -> 0.2 | D91: =VLOOKUP(A91,INCENTIVO!A:H,8,0) -> 0.125 | E91: =VLOOKUP(A91,INCENTIVO!A:K,11,0) -> 0.33333333 | F91: =VLOOKUP(A91,INCENTIVO!A:N,14,0) -> 0 | G91: =VLOOKUP(A91,INCENTIVO!A:Q,17,0) -> 0.16666667 | H91: =VLOOKUP(A91,INCENTIVO!A:T,20,0) -> 0.41666667 | I91: =VLOOKUP(A91,INCENTIVO!A:W,23,0) -> 0.11111111 | J91: =VLOOKUP(A91,INCENTIVO!A:Z,26,0) -> 0.18433836 | K91: =VLOOKUP(A91,INCENTIVO!A:AC,29,0) -> 0.33333333 | L91: =AVERAGE(C91:J91) -> 0.19213952 | M91: =VLOOKUP(A91,RANKING!A:C,3,0) -> 40
A92: Zona 650 | B92: Javier Soloa | C92: =VLOOKUP(A92,INCENTIVO!A:E,5,0) -> 0.47107438 | D92: =VLOOKUP(A92,INCENTIVO!A:H,8,0) -> 0.87301587 | E92: =VLOOKUP(A92,INCENTIVO!A:K,11,0) -> 0.64444444 | F92: =VLOOKUP(A92,INCENTIVO!A:N,14,0) -> 0.44444444 | G92: =VLOOKUP(A92,INCENTIVO!A:Q,17,0) -> 0.16504854 | H92: =VLOOKUP(A92,INCENTIVO!A:T,20,0) -> 0.47916667 | I92: =VLOOKUP(A92,INCENTIVO!A:W,23,0) -> 0.28169014 | J92: =VLOOKUP(A92,INCENTIVO!A:Z,26,0) -> 0.2891656 | K92: =VLOOKUP(A92,INCENTIVO!A:AC,29,0) -> 0.65048544 | L92: =AVERAGE(C92:J92) -> 0.45600626 | Q92: =IF(C92>=50%,1,0) -> 0 | R92: =IF(D92>=50%,1,0) -> 1 | S92: =IF(E92>=50%,1,0) -> 1 | T92: =IF(F92>=50%,1,0) -> 0 | U92: =IF(G92>=50%,1,0) -> 0 | V92: =IF(H92>=50%,1,0) -> 0 | W92: =IF(I92>=50%,1,0) -> 0 | X92: =IF(J92>=50%,1,0) -> 0 | Y92: =IF(#REF!>=50%,1,0) -> #REF! | Z92: =SUM(Q92:Y92) -> #REF! | AA92: =IF(C92>=100%,1,0) -> 0 | AB92: =IF(D92>=100%,1,0) -> 0 | AC92: =IF(E92>=100%,1,0) -> 0 | AD92: =IF(F92>=100%,1,0) -> 0 | AE92: =IF(G92>=100%,1,0) -> 0 | AF92: =IF(H92>=100%,1,0) -> 0 | AG92: =IF(I92>=100%,1,0) -> 0 | AH92: =IF(J92>=100%,1,0) -> 0 | AI92: =IF(#REF!>=100%,1,0) -> #REF! | AJ92: =SUM(AA92:AI92) -> #REF!
A93: SUR | B93: GASTÓN ISLAS | C93: =VLOOKUP(A93,INCENTIVO!A:E,5,0) -> 0.2 | D93: =VLOOKUP(A93,INCENTIVO!A:H,8,0) -> 0.41887906 | E93: =VLOOKUP(A93,INCENTIVO!A:K,11,0) -> 0.30929265 | F93: =VLOOKUP(A93,INCENTIVO!A:N,14,0) -> 0.16643551 | G93: =VLOOKUP(A93,INCENTIVO!A:Q,17,0) -> 0.081521739 | H93: =VLOOKUP(A93,INCENTIVO!A:T,20,0) -> 0.28711898 | I93: =VLOOKUP(A93,INCENTIVO!A:W,23,0) -> 0.18157895 | J93: =VLOOKUP(A93,INCENTIVO!A:Z,26,0) -> 0.16044199 | K93: =VLOOKUP(A93,INCENTIVO!A:AC,29,0) -> 0.35688406 | L93: =AVERAGE(C93:J93) -> 0.22565861 | Q93: =IF(C93>=50%,1,0) -> 0 | R93: =IF(D93>=50%,1,0) -> 0 | S93: =IF(E93>=50%,1,0) -> 0 | T93: =IF(F93>=50%,1,0) -> 0 | U93: =IF(G93>=50%,1,0) -> 0 | V93: =IF(H93>=50%,1,0) -> 0 | W93: =IF(I93>=50%,1,0) -> 0 | X93: =IF(J93>=50%,1,0) -> 0 | Y93: =IF(#REF!>=50%,1,0) -> #REF! | Z93: =SUM(Q93:Y93) -> #REF! | AA93: =IF(C93>=100%,1,0) -> 0 | AB93: =IF(D93>=100%,1,0) -> 0 | AC93: =IF(E93>=100%,1,0) -> 0 | AD93: =IF(F93>=100%,1,0) -> 0 | AE93: =IF(G93>=100%,1,0) -> 0 | AF93: =IF(H93>=100%,1,0) -> 0 | AG93: =IF(I93>=100%,1,0) -> 0 | AH93: =IF(J93>=100%,1,0) -> 0 | AI93: =IF(#REF!>=100%,1,0) -> #REF! | AJ93: =SUM(AA93:AI93) -> #REF!
A94: 635 | B94: URTEAGA CRISTIAN | C94: =VLOOKUP(A94,INCENTIVO!A:E,5,0) -> 0.076923077 | D94: =VLOOKUP(A94,INCENTIVO!A:H,8,0) -> 0.071428571 | E94: =VLOOKUP(A94,INCENTIVO!A:K,11,0) -> 0 | F94: =VLOOKUP(A94,INCENTIVO!A:N,14,0) -> 0 | G94: =VLOOKUP(A94,INCENTIVO!A:Q,17,0) -> 0 | H94: =VLOOKUP(A94,INCENTIVO!A:T,20,0) -> 0.33333333 | I94: =VLOOKUP(A94,INCENTIVO!A:W,23,0) -> 0.0625 | J94: =VLOOKUP(A94,INCENTIVO!A:Z,26,0) -> 0.056642297 | K94: =VLOOKUP(A94,INCENTIVO!A:AC,29,0) -> 0.25 | L94: =AVERAGE(C94:J94) -> 0.07510341 | M94: =VLOOKUP(A94,RANKING!A:C,3,0) -> 92 | Q94: =IF(C94>=50%,1,0) -> 0 | R94: =IF(D94>=50%,1,0) -> 0 | S94: =IF(E94>=50%,1,0) -> 0 | T94: =IF(F94>=50%,1,0) -> 0 | U94: =IF(G94>=50%,1,0) -> 0 | V94: =IF(H94>=50%,1,0) -> 0 | W94: =IF(I94>=50%,1,0) -> 0 | X94: =IF(J94>=50%,1,0) -> 0 | Y94: =IF(#REF!>=50%,1,0) -> #REF! | Z94: =SUM(Q94:Y94) -> #REF! | AA94: =IF(C94>=100%,1,0) -> 0 | AB94: =IF(D94>=100%,1,0) -> 0 | AC94: =IF(E94>=100%,1,0) -> 0 | AD94: =IF(F94>=100%,1,0) -> 0 | AE94: =IF(G94>=100%,1,0) -> 0 | AF94: =IF(H94>=100%,1,0) -> 0 | AG94: =IF(I94>=100%,1,0) -> 0 | AH94: =IF(J94>=100%,1,0) -> 0 | AI94: =IF(#REF!>=100%,1,0) -> #REF! | AJ94: =SUM(AA94:AI94) -> #REF!
A95: 640 | B95: RODRIGUEZ JUAN | C95: =VLOOKUP(A95,INCENTIVO!A:E,5,0) -> 0.21428571 | D95: =VLOOKUP(A95,INCENTIVO!A:H,8,0) -> 0.14285714 | E95: =VLOOKUP(A95,INCENTIVO!A:K,11,0) -> 0.066666667 | F95: =VLOOKUP(A95,INCENTIVO!A:N,14,0) -> 0.066666667 | G95: =VLOOKUP(A95,INCENTIVO!A:Q,17,0) -> 0.083333333 | H95: =VLOOKUP(A95,INCENTIVO!A:T,20,0) -> 0.59090909 | I95: =VLOOKUP(A95,INCENTIVO!A:W,23,0) -> 0 | J95: =VLOOKUP(A95,INCENTIVO!A:Z,26,0) -> 0.1607265 | K95: =VLOOKUP(A95,INCENTIVO!A:AC,29,0) -> 0.33333333 | L95: =AVERAGE(C95:J95) -> 0.16568064 | M95: =VLOOKUP(A95,RANKING!A:C,3,0) -> 51 | Q95: =IF(C95>=50%,1,0) -> 0 | R95: =IF(D95>=50%,1,0) -> 0 | S95: =IF(E95>=50%,1,0) -> 0 | T95: =IF(F95>=50%,1,0) -> 0 | U95: =IF(G95>=50%,1,0) -> 0 | V95: =IF(H95>=50%,1,0) -> 1 | W95: =IF(I95>=50%,1,0) -> 0 | X95: =IF(J95>=50%,1,0) -> 0 | Y95: =IF(#REF!>=50%,1,0) -> #REF! | Z95: =SUM(Q95:Y95) -> #REF! | AA95: =IF(C95>=100%,1,0) -> 0 | AB95: =IF(D95>=100%,1,0) -> 0 | AC95: =IF(E95>=100%,1,0) -> 0 | AD95: =IF(F95>=100%,1,0) -> 0 | AE95: =IF(G95>=100%,1,0) -> 0 | AF95: =IF(H95>=100%,1,0) -> 0 | AG95: =IF(I95>=100%,1,0) -> 0 | AH95: =IF(J95>=100%,1,0) -> 0 | AI95: =IF(#REF!>=100%,1,0) -> #REF! | AJ95: =SUM(AA95:AI95) -> #REF!
A96: 715 | B96: REINOSO LOURDES | C96: =VLOOKUP(A96,INCENTIVO!A:E,5,0) -> 0.090909091 | D96: =VLOOKUP(A96,INCENTIVO!A:H,8,0) -> 0.33333333 | E96: =VLOOKUP(A96,INCENTIVO!A:K,11,0) -> 0.23076923 | F96: =VLOOKUP(A96,INCENTIVO!A:N,14,0) -> 0 | G96: =VLOOKUP(A96,INCENTIVO!A:Q,17,0) -> 0.1 | H96: =VLOOKUP(A96,INCENTIVO!A:T,20,0) -> 0.44444444 | I96: =VLOOKUP(A96,INCENTIVO!A:W,23,0) -> 0.071428571 | J96: =VLOOKUP(A96,INCENTIVO!A:Z,26,0) -> 0.05522951 | K96: =VLOOKUP(A96,INCENTIVO!A:AC,29,0) -> 0.1 | L96: =AVERAGE(C96:J96) -> 0.16576427 | M96: =VLOOKUP(A96,RANKING!A:C,3,0) -> 50 | Q96: =IF(C96>=50%,1,0) -> 0 | R96: =IF(D96>=50%,1,0) -> 0 | S96: =IF(E96>=50%,1,0) -> 0 | T96: =IF(F96>=50%,1,0) -> 0 | U96: =IF(G96>=50%,1,0) -> 0 | V96: =IF(H96>=50%,1,0) -> 0 | W96: =IF(I96>=50%,1,0) -> 0 | X96: =IF(J96>=50%,1,0) -> 0 | Y96: =IF(#REF!>=50%,1,0) -> #REF! | Z96: =SUM(Q96:Y96) -> #REF! | AA96: =IF(C96>=100%,1,0) -> 0 | AB96: =IF(D96>=100%,1,0) -> 0 | AC96: =IF(E96>=100%,1,0) -> 0 | AD96: =IF(F96>=100%,1,0) -> 0 | AE96: =IF(G96>=100%,1,0) -> 0 | AF96: =IF(H96>=100%,1,0) -> 0 | AG96: =IF(I96>=100%,1,0) -> 0 | AH96: =IF(J96>=100%,1,0) -> 0 | AI96: =IF(#REF!>=100%,1,0) -> #REF! | AJ96: =SUM(AA96:AI96) -> #REF!
A97: 605 | B97: GUERRERO JULIO RODRIGUEZ | C97: =VLOOKUP(A97,INCENTIVO!A:E,5,0) -> 0.23076923 | D97: =VLOOKUP(A97,INCENTIVO!A:H,8,0) -> 0.14285714 | E97: =VLOOKUP(A97,INCENTIVO!A:K,11,0) -> 0.13333333 | F97: =VLOOKUP(A97,INCENTIVO!A:N,14,0) -> 0 | G97: =VLOOKUP(A97,INCENTIVO!A:Q,17,0) -> 0 | H97: =VLOOKUP(A97,INCENTIVO!A:T,20,0) -> 0.33333333 | I97: =VLOOKUP(A97,INCENTIVO!A:W,23,0) -> 0 | J97: =VLOOKUP(A97,INCENTIVO!A:Z,26,0) -> 0.04449893 | K97: =VLOOKUP(A97,INCENTIVO!A:AC,29,0) -> 0.33333333 | L97: =AVERAGE(C97:J97) -> 0.110599 | M97: =VLOOKUP(A97,RANKING!A:C,3,0) -> 81 | Q97: =IF(C97>=50%,1,0) -> 0 | R97: =IF(D97>=50%,1,0) -> 0 | S97: =IF(E97>=50%,1,0) -> 0 | T97: =IF(F97>=50%,1,0) -> 0 | U97: =IF(G97>=50%,1,0) -> 0 | V97: =IF(H97>=50%,1,0) -> 0 | W97: =IF(I97>=50%,1,0) -> 0 | X97: =IF(J97>=50%,1,0) -> 0 | Y97: =IF(#REF!>=50%,1,0) -> #REF! | Z97: =SUM(Q97:Y97) -> #REF! | AA97: =IF(C97>=100%,1,0) -> 0 | AB97: =IF(D97>=100%,1,0) -> 0 | AC97: =IF(E97>=100%,1,0) -> 0 | AD97: =IF(F97>=100%,1,0) -> 0 | AE97: =IF(G97>=100%,1,0) -> 0 | AF97: =IF(H97>=100%,1,0) -> 0 | AG97: =IF(I97>=100%,1,0) -> 0 | AH97: =IF(J97>=100%,1,0) -> 0 | AI97: =IF(#REF!>=100%,1,0) -> #REF! | AJ97: =SUM(AA97:AI97) -> #REF!
A98: 620 | B98: OTAZUA PABLO | C98: =VLOOKUP(A98,INCENTIVO!A:E,5,0) -> 0.2 | D98: =VLOOKUP(A98,INCENTIVO!A:H,8,0) -> 0.375 | E98: =VLOOKUP(A98,INCENTIVO!A:K,11,0) -> 0.058823529 | F98: =VLOOKUP(A98,INCENTIVO!A:N,14,0) -> 0.058823529 | G98: =VLOOKUP(A98,INCENTIVO!A:Q,17,0) -> 0.15384615 | H98: =VLOOKUP(A98,INCENTIVO!A:T,20,0) -> 0.39130435 | I98: =VLOOKUP(A98,INCENTIVO!A:W,23,0) -> 0.11111111 | J98: =VLOOKUP(A98,INCENTIVO!A:Z,26,0) -> 0.10688958 | K98: =VLOOKUP(A98,INCENTIVO!A:AC,29,0) -> 0.15384615 | L98: =AVERAGE(C98:J98) -> 0.18197478 | M98: =VLOOKUP(A98,RANKING!A:C,3,0) -> 42 | Q98: =IF(C98>=50%,1,0) -> 0 | R98: =IF(D98>=50%,1,0) -> 0 | S98: =IF(E98>=50%,1,0) -> 0 | T98: =IF(F98>=50%,1,0) -> 0 | U98: =IF(G98>=50%,1,0) -> 0 | V98: =IF(H98>=50%,1,0) -> 0 | W98: =IF(I98>=50%,1,0) -> 0 | X98: =IF(J98>=50%,1,0) -> 0 | Y98: =IF(#REF!>=50%,1,0) -> #REF! | Z98: =SUM(Q98:Y98) -> #REF! | AA98: =IF(C98>=100%,1,0) -> 0 | AB98: =IF(D98>=100%,1,0) -> 0 | AC98: =IF(E98>=100%,1,0) -> 0 | AD98: =IF(F98>=100%,1,0) -> 0 | AE98: =IF(G98>=100%,1,0) -> 0 | AF98: =IF(H98>=100%,1,0) -> 0 | AG98: =IF(I98>=100%,1,0) -> 0 | AH98: =IF(J98>=100%,1,0) -> 0 | AI98: =IF(#REF!>=100%,1,0) -> #REF! | AJ98: =SUM(AA98:AI98) -> #REF!
A99: 610 | B99: DE LA CRUZ GONZALO | C99: =VLOOKUP(A99,INCENTIVO!A:E,5,0) -> 0.21052632 | D99: =VLOOKUP(A99,INCENTIVO!A:H,8,0) -> 0.95 | E99: =VLOOKUP(A99,INCENTIVO!A:K,11,0) -> 0.23809524 | F99: =VLOOKUP(A99,INCENTIVO!A:N,14,0) -> 0.047619048 | G99: =VLOOKUP(A99,INCENTIVO!A:Q,17,0) -> 0.375 | H99: =VLOOKUP(A99,INCENTIVO!A:T,20,0) -> 0.7 | I99: =VLOOKUP(A99,INCENTIVO!A:W,23,0) -> 0.043478261 | J99: =VLOOKUP(A99,INCENTIVO!A:Z,26,0) -> 0.13344848 | K99: =VLOOKUP(A99,INCENTIVO!A:AC,29,0) -> 0.25 | L99: =AVERAGE(C99:J99) -> 0.33727092 | M99: =VLOOKUP(A99,RANKING!A:C,3,0) -> 17 | Q99: =IF(C99>=50%,1,0) -> 0 | R99: =IF(D99>=50%,1,0) -> 1 | S99: =IF(E99>=50%,1,0) -> 0 | T99: =IF(F99>=50%,1,0) -> 0 | U99: =IF(G99>=50%,1,0) -> 0 | V99: =IF(H99>=50%,1,0) -> 1 | W99: =IF(I99>=50%,1,0) -> 0 | X99: =IF(J99>=50%,1,0) -> 0 | Y99: =IF(#REF!>=50%,1,0) -> #REF! | Z99: =SUM(Q99:Y99) -> #REF! | AA99: =IF(C99>=100%,1,0) -> 0 | AB99: =IF(D99>=100%,1,0) -> 0 | AC99: =IF(E99>=100%,1,0) -> 0 | AD99: =IF(F99>=100%,1,0) -> 0 | AE99: =IF(G99>=100%,1,0) -> 0 | AF99: =IF(H99>=100%,1,0) -> 0 | AG99: =IF(I99>=100%,1,0) -> 0 | AH99: =IF(J99>=100%,1,0) -> 0 | AI99: =IF(#REF!>=100%,1,0) -> #REF! | AJ99: =SUM(AA99:AI99) -> #REF!
A100: 625 | B100: AGUILLON JUAN* | C100: =VLOOKUP(A100,INCENTIVO!A:E,5,0) -> 0.2 | D100: =VLOOKUP(A100,INCENTIVO!A:H,8,0) -> 0.1 | E100: =VLOOKUP(A100,INCENTIVO!A:K,11,0) -> 0 | F100: =VLOOKUP(A100,INCENTIVO!A:N,14,0) -> 0 | G100: =VLOOKUP(A100,INCENTIVO!A:Q,17,0) -> 0 | H100: =VLOOKUP(A100,INCENTIVO!A:T,20,0) -> 0.46666667 | I100: =VLOOKUP(A100,INCENTIVO!A:W,23,0) -> 0 | J100: =VLOOKUP(A100,INCENTIVO!A:Z,26,0) -> 0.022584013 | K100: =VLOOKUP(A100,INCENTIVO!A:AC,29,0) -> 0.25 | L100: =AVERAGE(C100:J100) -> 0.098656335 | M100: =VLOOKUP(A100,RANKING!A:C,3,0) -> 84 | Q100: =IF(C100>=50%,1,0) -> 0 | R100: =IF(D100>=50%,1,0) -> 0 | S100: =IF(E100>=50%,1,0) -> 0 | T100: =IF(F100>=50%,1,0) -> 0 | U100: =IF(G100>=50%,1,0) -> 0 | V100: =IF(H100>=50%,1,0) -> 0 | W100: =IF(I100>=50%,1,0) -> 0 | X100: =IF(J100>=50%,1,0) -> 0 | Y100: =IF(#REF!>=50%,1,0) -> #REF! | Z100: =SUM(Q100:Y100) -> #REF! | AA100: =IF(C100>=100%,1,0) -> 0 | AB100: =IF(D100>=100%,1,0) -> 0 | AC100: =IF(E100>=100%,1,0) -> 0 | AD100: =IF(F100>=100%,1,0) -> 0 | AE100: =IF(G100>=100%,1,0) -> 0 | AF100: =IF(H100>=100%,1,0) -> 0 | AG100: =IF(I100>=100%,1,0) -> 0 | AH100: =IF(J100>=100%,1,0) -> 0 | AI100: =IF(#REF!>=100%,1,0) -> #REF! | AJ100: =SUM(AA100:AI100) -> #REF!
...

Sheet RANKING
A1: N° de Ruta | B1: PROMEDIO | C1: Ranking
A2: 131 | B2: =VLOOKUP(A2,GRILLA!A:M,12,0) -> 1.0067748 | C2: =RANK(B2,$B$2:$B$97) -> 1
A3: 341 | B3: =VLOOKUP(A3,GRILLA!A:M,12,0) -> 0.66459733 | C3: =RANK(B3,$B$2:$B$97) -> 2
A4: 386 | B4: =VLOOKUP(A4,GRILLA!A:M,12,0) -> 0.62808992 | C4: =RANK(B4,$B$2:$B$97) -> 3
A5: 140 | B5: =VLOOKUP(A5,GRILLA!A:M,12,0) -> 0.56184315 | C5: =RANK(B5,$B$2:$B$97) -> 4
A6: 303 | B6: =VLOOKUP(A6,GRILLA!A:M,12,0) -> 0.49390483 | C6: =RANK(B6,$B$2:$B$97) -> 5
A7: 102 | B7: =VLOOKUP(A7,GRILLA!A:M,12,0) -> 0.48024896 | C7: =RANK(B7,$B$2:$B$97) -> 6
A8: 431 | B8: =VLOOKUP(A8,GRILLA!A:M,12,0) -> 0.45025276 | C8: =RANK(B8,$B$2:$B$97) -> 7
A9: 316 | B9: =VLOOKUP(A9,GRILLA!A:M,12,0) -> 0.40070634 | C9: =RANK(B9,$B$2:$B$97) -> 8
A10: 210 | B10: =VLOOKUP(A10,GRILLA!A:M,12,0) -> 0.35627483 | C10: =RANK(B10,$B$2:$B$97) -> 9
A11: 423 | B11: =VLOOKUP(A11,GRILLA!A:M,12,0) -> 0.3554729 | C11: =RANK(B11,$B$2:$B$97) -> 10
A12: 317 | B12: =VLOOKUP(A12,GRILLA!A:M,12,0) -> 0.35263795 | C12: =RANK(B12,$B$2:$B$97) -> 11
A13: 430 | B13: =VLOOKUP(A13,GRILLA!A:M,12,0) -> 0.35200397 | C13: =RANK(B13,$B$2:$B$97) -> 12
... A97: 801 | B97: =VLOOKUP(A97,GRILLA!A:M,12,0) -> 0.04596437 | C97: =RANK(B97,$B$2:$B$97) -> 96

Sheet CLIENTES
E1: =VLOOKUP(B1,dinamica!B:L,3,0) -> #N/A | F1: =VLOOKUP(B1,dinamica!B:L,4,0) -> #N/A | G1: =VLOOKUP(B1,dinamica!B:L,5,0) -> #N/A | H1: =VLOOKUP(B1,dinamica!B:L,6,0) -> #N/A | I1: =VLOOKUP(B1,dinamica!B:L,7,0) -> #N/A | J1: =VLOOKUP(B1,dinamica!B:L,8,0) -> #N/A | K1: =VLOOKUP(B1,dinamica!B:L,9,0) -> #N/A | L1: =VLOOKUP(B1,dinamica!B:L,10,0) -> #N/A | M1: =VLOOKUP(B1,dinamica!B:L,11,0) -> #N/A
E2: 18 UNID | F2: 24 UNID | G2: 18 UNID | H2: 12 UNID | I2: 6 UNID | J2: 24 UNID | K2: 24 UNID | L2: 48 UNID | M2: 12 UNID
A3: RUTA | B3: SAP CLIENTE | C3: RAZON | D3: COD AS | E3: Hileret | F3: Elvive | G3: Carefree Siempre libre | H3: Calipso | I3: Nosotras | J3: Elegante | K3: Cif | L3: Arlistan Cruz Malta | M3: Downy | N3: Hileret | O3: Elvive | P3: Carefree Siempre libre | Q3: Calipso Nosotas | R3: Elegante | S3: Cif | T3: Arlistan Cruz Malta | U3: Downy
A4: 10 | B4: 1066802 | C4: TARUL S.A. | D4: =VLOOKUP(B4,'Maestro clientes'!A:C,3,0) -> 57295 | E4: 0 | F4: 0 | G4: 0 | H4: 0 | I4: 0 | J4: 0 | K4: 10 | L4: 0 | M4: 0 | N4: =IF(E4>=18,1,0) -> 0 | O4: =IF(F4>=24,1,0) -> 0 | P4: =IF(G4>=18,1,0) -> 0 | Q4: =IF(AND(H4>=12,I4>=6),1,0) -> 0 | R4: =IF(J4>=24,1,0) -> 0 | S4: =IF(K4>=24,1,0) -> 0 | T4: =IF(L4>=48,1,0) -> 0 | U4: =IF(M4>=12,1,0) -> 0
A5: 101 | B5: 1061366 | C5: NI ZHENGQIN | D5: =VLOOKUP(B5,'Maestro clientes'!A:C,3,0) -> 12255 | E5: 0 | F5: 0 | G5: 0 | H5: 0 | I5: 0 | J5: 0 | K5: 0 | L5: 20 | M5: 0 | N5: =IF(E5>=18,1,0) -> 0 | O5: =IF(F5>=24,1,0) -> 0 | P5: =IF(G5>=18,1,0) -> 0 | Q5: =IF(AND(H5>=12,I5>=6),1,0) -> 0 | R5: =IF(J5>=24,1,0) -> 0 | S5: =IF(K5>=24,1,0) -> 0 | T5: =IF(L5>=48,1,0) -> 0 | U5: =IF(M5>=12,1,0) -> 0
A6: 101 | B6: 1061605 | C6: HUANG QIAOXIONG | D6: =VLOOKUP(B6,'Maestro clientes'!A:C,3,0) -> 12565 | E6: 0 | F6: 0 | G6: 24 | H6: 0 | I6: 0 | J6: 0 | K6: 12 | L6: 0 | M6: 0 | N6: =IF(E6>=18,1,0) -> 0 | O6: =IF(F6>=24,1,0) -> 0 | P6: =IF(G6>=18,1,0) -> 1 | Q6: =IF(AND(H6>=12,I6>=6),1,0) -> 0 | R6: =IF(J6>=24,1,0) -> 0 | S6: =IF(K6>=24,1,0) -> 0 | T6: =IF(L6>=48,1,0) -> 0 | U6: =IF(M6>=12,1,0) -> 0
A7: 101 | B7: 1062285 | C7: ZHOU XIAOHONG | D7: =VLOOKUP(B7,'Maestro clientes'!A:C,3,0) -> 13546 | E7: 0 | F7: 0 | G7: 0 | H7: 0 | I7: 0 | J7: 0 | K7: 0 | L7: 12 | M7: 12 | N7: =IF(E7>=18,1,0) -> 0 | O7: =IF(F7>=24,1,0) -> 0 | P7: =IF(G7>=18,1,0) -> 0 | Q7: =IF(AND(H7>=12,I7>=6),1,0) -> 0 | R7: =IF(J7>=24,1,0) -> 0 | S7: =IF(K7>=24,1,0) -> 0 | T7: =IF(L7>=48,1,0) -> 0 | U7: =IF(M7>=12,1,0) -> 1
A8: 101 | B8: 1062433 | C8: CHEN KAILIN | D8: =VLOOKUP(B8,'Maestro clientes'!A:C,3,0) -> 13737 | E8: 0 | F8: 0 | G8: 0 | H8: 0 | I8: 0 | J8: 10 | K8: 0 | L8: 0 | M8: 0 | N8: =IF(E8>=18,1,0) -> 0 | O8: =IF(F8>=24,1,0) -> 0 | P8: =IF(G8>=18,1,0) -> 0 | Q8: =IF(AND(H8>=12,I8>=6),1,0) -> 0 | R8: =IF(J8>=24,1,0) -> 0 | S8: =IF(K8>=24,1,0) -> 0 | T8: =IF(L8>=48,1,0) -> 0 | U8: =IF(M8>=12,1,0) -> 0
A9: 101 | B9: 1065528 | C9: WU TAISEN | D9: =VLOOKUP(B9,'Maestro clientes'!A:C,3,0) -> 3700 | E9: 0 | F9: 32 | G9: 0 | H9: 0 | I9: 0 | J9: 0 | K9: 24 | L9: 0 | M9: 0 | N9: =IF(E9>=18,1,0) -> 0 | O9: =IF(F9>=24,1,0) -> 1 | P9: =IF(G9>=18,1,0) -> 0 | Q9: =IF(AND(H9>=12,I9>=6),1,0) -> 0 | R9: =IF(J9>=24,1,0) -> 0 | S9: =IF(K9>=24,1,0) -> 1 | T9: =IF(L9>=48,1,0) -> 0 | U9: =IF(M9>=12,1,0) -> 0
A10: 101 | B10: 1100122 | C10: LIN WENYONG | D10: =VLOOKUP(B10,'Maestro clientes'!A:C,3,0) -> 23570 | E10: 0 | F10: 0 | G10: 0 | H10: 0 | I10: 0 | J10: 0 | K10: 24 | L10: 0 | M10: 0 | N10: =IF(E10>=18,1,0) -> 0 | O10: =IF(F10>=24,1,0) -> 0 | P10: =IF(G10>=18,1,0) -> 0 | Q10: =IF(AND(H10>=12,I10>=6),1,0) -> 0 | R10: =IF(J10>=24,1,0) -> 0 | S10: =IF(K10>=24,1,0) -> 1 | T10: =IF(L10>=48,1,0) -> 0 | U10: =IF(M10>=12,1,0) -> 0
A11: 101 | B11: 1105377 | C11: YAN CAIYUN | D11: =VLOOKUP(B11,'Maestro clientes'!A:C,3,0) -> 24846 | E11: 0 | F11: 0 | G11: 0 | H11: 0 | I11: 0 | J11: 0 | K11: 12 | L11: 0 | M11: 0 | N11: =IF(E11>=18,1,0) -> 0 | O11: =IF(F11>=24,1,0) -> 0 | P11: =IF(G11>=18,1,0) -> 0 | Q11: =IF(AND(H11>=12,I11>=6),1,0) -> 0 | R11: =IF(J11>=24,1,0) -> 0 | S11: =IF(K11>=24,1,0) -> 0 | T11: =IF(L11>=48,1,0) -> 0 | U11: =IF(M11>=12,1,0) -> 0
A12: 101 | B12: 1106108 | C12: LIN MIN | D12: =VLOOKUP(B12,'Maestro clientes'!A:C,3,0) -> 25635 | E12: 0 | F12: 0 | G12: 0 | H12: 0 | I12: 0 | J12: 0 | K12: 0 | L12: 12 | M12: 0 | N12: =IF(E12>=18,1,0) -> 0 | O12: =IF(F12>=24,1,0) -> 0 | P12: =IF(G12>=18,1,0) -> 0 | Q12: =IF(AND(H12>=12,I12>=6),1,0) -> 0 | R12: =IF(J12>=24,1,0) -> 0 | S12: =IF(K12>=24,1,0) -> 0 | T12: =IF(L12>=48,1,0) -> 0 | U12: =IF(M12>=12,1,0) -> 0
A13: 101 | B13: 1108202 | C13: CHEN XING | D13: =VLOOKUP(B13,'Maestro clientes'!A:C,3,0) -> 28154 | E13: 0 | F13: 0 | G13: 0 | H13: 0 | I13: 0 | J13: 0 | K13: 0 | L13: 20 | M13: 0 | N13: =IF(E13>=18,1,0) -> 0 | O13: =IF(F13>=24,1,0) -> 0 | P13: =IF(G13>=18,1,0) -> 0 | Q13: =IF(AND(H13>=12,I13>=6),1,0) -> 0 | R13: =IF(J13>=24,1,0) -> 0 | S13: =IF(K13>=24,1,0) -> 0 | T13: =IF(L13>=48,1,0) -> 0 | U13: =IF(M13>=12,1,0) -> 0
A14: 101 | B14: 1110542 | C14: XIE XIAOMING | D14: =VLOOKUP(B14,'Maestro clientes'!A:C,3,0) -> 28673 | E14: 0 | F14: 0 | G14: 0 | H14: 0 | I14: 0 | J14: 0 | K14: 132 | L14: 24 | M14: 0 | N14: =IF(E14>=18,1,0) -> 0 | O14: =IF(F14>=24,1,0) -> 0 | P14: =IF(G14>=18,1,0) -> 0 | Q14: =IF(AND(H14>=12,I14>=6),1,0) -> 0 | R14: =IF(J14>=24,1,0) -> 0 | S14: =IF(K14>=24,1,0) -> 1 | T14: =IF(L14>=48,1,0) -> 0 | U14: =IF(M14>=12,1,0) -> 0
A15: 101 | B15: 1111877 | C15: CHEN GONGBO | D15: =VLOOKUP(B15,'Maestro clientes'!A:C,3,0) -> 29277 | E15: 0 | F15: 0 | G15: 18 | H15: 0 | I15: 0 | J15: 0 | K15: 0 | L15: 0 | M15: 0 | N15: =IF(E15>=18,1,0) -> 0 | O15: =IF(F15>=24,1,0) -> 0 | P15: =IF(G15>=18,1,0) -> 1 | Q15: =IF(AND(H15>=12,I15>=6),1,0) -> 0 | R15: =IF(J15>=24,1,0) -> 0 | S15: =IF(K15>=24,1,0) -> 0 | T15: =IF(L15>=48,1,0) -> 0 | U15: =IF(M15>=12,1,0) -> 0
... A2332: 950 | B2332: 1142458 | C2332: CASTRO GRACIELA EDITH | D2332: =VLOOKUP(B2332,'Maestro clientes'!A:C,3,0) -> 40788 | E2332: 0 | F2332: 0 | G2332: 0 | H2332: 0 | I2332: 0 | J2332: 10 | K2332: 1 | L2332: 0 | M2332: 0 | N2332: =IF(E2332>=18,1,0) -> 0 | O2332: =IF(F2332>=24,1,0) -> 0 | P2332: =IF(G2332>=18,1,0) -> 0 | Q2332: =IF(AND(H2332>=12,I2332>=6),1,0) -> 0 | R2332: =IF(J2332>=24,1,0) -> 0 | S2332: =IF(K2332>=24,1,0) -> 0 | T2332: =IF(L2332>=48,1,0) -> 0 | U2332: =IF(M2332>=12,1,0) -> 0

Sheet INCENTIVO
A1: N° de Ruta | B1: Nombre y apellido | C1: Hileret | F1: Elvive | I1: Carefree Siempre libre | L1: Calipso Nosotras | O1: Elegante | R1: Cif | U1: Arlistan Cruz Malta | X1: Categoria Pescados | AA1: Downy
C2: Obj CCC | D2: Ped CCC | E2: AV % | F2: Obj CCC | G2: Ped CCC | H2: AV % | I2: Obj CCC | J2: Ped CCC | K2: AV % | L2: Obj CCC | M2: Ped CCC | N2: AV % | O2: Obj CCC | P2: Ped CCC | Q2: AV % | R2: Obj ccc | S2: Ped CCC | T2: AV % | U2: Obj CCC | V2: Ped CCC | W2: AV % | X2: Obj $$ | Y2: Ped $$ | Z2: AV % | AA2: Obj CCC | AB2: Ped CCC | AC2: AV %
A3: 455 | B3: CISNEROS JONATHAN | C3: 13 | D3: =SUMIF(CLIENTES!A:A,INCENTIVO!A3,CLIENTES!N:N) -> 1 | E3: =IFERROR(D3/C3,0) -> 0.076923077 | F3: 13 | G3: =SUMIF(CLIENTES!A:A,INCENTIVO!A3,CLIENTES!O:O) -> 7 | H3: =IFERROR(G3/F3,0) -> 0.53846154 | I3: 14 | J3: =SUMIF(CLIENTES!A:A,INCENTIVO!A3,CLIENTES!P:P) -> 0 | K3: =IFERROR(J3/I3,0) -> 0 | L3: 14 | M3: =SUMIF(CLIENTES!A:A,INCENTIVO!A3,CLIENTES!Q:Q) -> 1 | N3: =IFERROR(M3/L3,0) -> 0.071428571 | O3: 11 | P3: =SUMIF(CLIENTES!A:A,INCENTIVO!A3,CLIENTES!R:R) -> 0 | Q3: =IFERROR(P3/O3,0) -> 0 | R3: 20 | S3: =SUMIF(CLIENTES!A:A,INCENTIVO!A3,CLIENTES!S:S) -> 3 | T3: =IFERROR(S3/R3,0) -> 0.15 | U3: 15 | V3: =SUMIF(CLIENTES!A:A,INCENTIVO!A3,CLIENTES!T:T) -> 1 | W3: =IFERROR(V3/U3,0) -> 0.066666667 | X3: 5000000 | Y3: =SUMIF('Bajada $$'!C:C,INCENTIVO!A3,'Bajada $$'!L:L) -> 187353.54 | Z3: =IFERROR(Y3/X3,0) -> 0.037470708 | AA3: 11 | AB3: =SUMIF(CLIENTES!A:A,INCENTIVO!A3,CLIENTES!U:U) -> 5 | AC3: =IFERROR(AB3/AA3,0) -> 0.45454545
A4: 480 | B4: MEDINA NICOLAS* | C4: 15 | D4: =SUMIF(CLIENTES!A:A,INCENTIVO!A4,CLIENTES!N:N) -> 3 | E4: =IFERROR(D4/C4,0) -> 0.2 | F4: 16 | G4: =SUMIF(CLIENTES!A:A,INCENTIVO!A4,CLIENTES!O:O) -> 8 | H4: =IFERROR(G4/F4,0) -> 0.5 | I4: 17 | J4: =SUMIF(CLIENTES!A:A,INCENTIVO!A4,CLIENTES!P:P) -> 5 | K4: =IFERROR(J4/I4,0) -> 0.29411765 | L4: 17 | M4: =SUMIF(CLIENTES!A:A,INCENTIVO!A4,CLIENTES!Q:Q) -> 3 | N4: =IFERROR(M4/L4,0) -> 0.17647059 | O4: 13 | P4: =SUMIF(CLIENTES!A:A,INCENTIVO!A4,CLIENTES!R:R) -> 2 | Q4: =IFERROR(P4/O4,0) -> 0.15384615 | R4: 23 | S4: =SUMIF(CLIENTES!A:A,INCENTIVO!A4,CLIENTES!S:S) -> 5 | T4: =IFERROR(S4/R4,0) -> 0.2173913 | U4: 18 | V4: =SUMIF(CLIENTES!A:A,INCENTIVO!A4,CLIENTES!T:T) -> 0 | W4: =IFERROR(V4/U4,0) -> 0 | X4: 3700000 | Y4: =SUMIF('Bajada $$'!C:C,INCENTIVO!A4,'Bajada $$'!L:L) -> 1202413.9 | Z4: =IFERROR(Y4/X4,0) -> 0.32497674 | AA4: 13 | AB4: =SUMIF(CLIENTES!A:A,INCENTIVO!A4,CLIENTES!U:U) -> 2 | AC4: =IFERROR(AB4/AA4,0) -> 0.15384615
A5: 430 | B5: DELAMANO BRIAN* | C5: 12 | D5: =SUMIF(CLIENTES!A:A,INCENTIVO!A5,CLIENTES!N:N) -> 2 | E5: =IFERROR(D5/C5,0) -> 0.16666667 | F5: 13 | G5: =SUMIF(CLIENTES!A:A,INCENTIVO!A5,CLIENTES!O:O) -> 19 | H5: =IFERROR(G5/F5,0) -> 1.4615385 | I5: 13 | J5: =SUMIF(CLIENTES!A:A,INCENTIVO!A5,CLIENTES!P:P) -> 7 | K5: =IFERROR(J5/I5,0) -> 0.53846154 | L5: 13 | M5: =SUMIF(CLIENTES!A:A,INCENTIVO!A5,CLIENTES!Q:Q) -> 0 | N5: =IFERROR(M5/L5,0) -> 0 | O5: 10 | P5: =SUMIF(CLIENTES!A:A,INCENTIVO!A5,CLIENTES!R:R) -> 1 | Q5: =IFERROR(P5/O5,0) -> 0.1 | R5: 19 | S5: =SUMIF(CLIENTES!A:A,INCENTIVO!A5,CLIENTES!S:S) -> 5 | T5: =IFERROR(S5/R5,0) -> 0.26315789 | U5: 14 | V5: =SUMIF(CLIENTES!A:A,INCENTIVO!A5,CLIENTES!T:T) -> 3 | W5: =IFERROR(V5/U5,0) -> 0.21428571 | X5: 4600000 | Y5: =SUMIF('Bajada $$'!C:C,INCENTIVO!A5,'Bajada $$'!L:L) -> 330838.86 | Z5: =IFERROR(Y5/X5,0) -> 0.071921491 | AA5: 10 | AB5: =SUMIF(CLIENTES!A:A,INCENTIVO!A5,CLIENTES!U:U) -> 6 | AC5: =IFERROR(AB5/AA5,0) -> 0.6
A6: 415 | B6: OLGUIN PATRICIA* | C6: 15 | D6: =SUMIF(CLIENTES!A:A,INCENTIVO!A6,CLIENTES!N:N) -> 8 | E6: =IFERROR(D6/C6,0) -> 0.53333333 | F6: 16 | G6: =SUMIF(CLIENTES!A:A,INCENTIVO!A6,CLIENTES!O:O) -> 4 | H6: =IFERROR(G6/F6,0) -> 0.25 | I6: 17 | J6: =SUMIF(CLIENTES!A:A,INCENTIVO!A6,CLIENTES!P:P) -> 5 | K6: =IFERROR(J6/I6,0) -> 0.29411765 | L6: 17 | M6: =SUMIF(CLIENTES!A:A,INCENTIVO!A6,CLIENTES!Q:Q) -> 1 | N6: =IFERROR(M6/L6,0) -> 0.058823529 | O6: 13 | P6: =SUMIF(CLIENTES!A:A,INCENTIVO!A6,CLIENTES!R:R) -> 0 | Q6: =IFERROR(P6/O6,0) -> 0 | R6: 25 | S6: =SUMIF(CLIENTES!A:A,INCENTIVO!A6,CLIENTES!S:S) -> 3 | T6: =IFERROR(S6/R6,0) -> 0.12 | U6: 18 | V6: =SUMIF(CLIENTES!A:A,INCENTIVO!A6,CLIENTES!T:T) -> 5 | W6: =IFERROR(V6/U6,0) -> 0.27777778 | X6: 4000000 | Y6: =SUMIF('Bajada $$'!C:C,INCENTIVO!A6,'Bajada $$'!L:L) -> 524338.44 | Z6: =IFERROR(Y6/X6,0) -> 0.13108461 | AA6: 13 | AB6: =SUMIF(CLIENTES!A:A,INCENTIVO!A6,CLIENTES!U:U) -> 2 | AC6: =IFERROR(AB6/AA6,0) -> 0.15384615
A7: 431 | B7: FERNANDEZ MELANY | C7: 13 | D7: =SUMIF(CLIENTES!A:A,INCENTIVO!A7,CLIENTES!N:N) -> 10 | E7: =IFERROR(D7/C7,0) -> 0.76923077 | F7: 14 | G7: =SUMIF(CLIENTES!A:A,INCENTIVO!A7,CLIENTES!O:O) -> 9 | H7: =IFERROR(G7/F7,0) -> 0.64285714 | I7: 15 | J7: =SUMIF(CLIENTES!A:A,INCENTIVO!A7,CLIENTES!P:P) -> 9 | K7: =IFERROR(J7/I7,0) -> 0.6 | L7: 15 | M7: =SUMIF(CLIENTES!A:A,INCENTIVO!A7,CLIENTES!Q:Q) -> 4 | N7: =IFERROR(M7/L7,0) -> 0.26666667 | O7: 12 | P7: =SUMIF(CLIENTES!A:A,INCENTIVO!A7,CLIENTES!R:R) -> 4 | Q7: =IFERROR(P7/O7,0) -> 0.33333333 | R7: 21 | S7: =SUMIF(CLIENTES!A:A,INCENTIVO!A7,CLIENTES!S:S) -> 6 | T7: =IFERROR(S7/R7,0) -> 0.28571429 | U7: 16 | V7: =SUMIF(CLIENTES!A:A,INCENTIVO!A7,CLIENTES!T:T) -> 5 | W7: =IFERROR(V7/U7,0) -> 0.3125 | X7: 5600000 | Y7: =SUMIF('Bajada $$'!C:C,INCENTIVO!A7,'Bajada $$'!L:L) -> 2193631.4 | Z7: =IFERROR(Y7/X7,0) -> 0.39171989 | AA7: 12 | AB7: =SUMIF(CLIENTES!A:A,INCENTIVO!A7,CLIENTES!U:U) -> 3 | AC7: =IFERROR(AB7/AA7,0) -> 0.25
A8: 420 | B8: RIZZI CINTIA* | C8: 14 | D8: =SUMIF(CLIENTES!A:A,INCENTIVO!A8,CLIENTES!N:N) -> 6 | E8: =IFERROR(D8/C8,0) -> 0.42857143 | F8: 15 | G8: =SUMIF(CLIENTES!A:A,INCENTIVO!A8,CLIENTES!O:O) -> 8 | H8: =IFERROR(G8/F8,0) -> 0.53333333 | I8: 16 | J8: =SUMIF(CLIENTES!A:A,INCENTIVO!A8,CLIENTES!P:P) -> 5 | K8: =IFERROR(J8/I8,0) -> 0.3125 | L8: 16 | M8: =SUMIF(CLIENTES!A:A,INCENTIVO!A8,CLIENTES!Q:Q) -> 1 | N8: =IFERROR(M8/L8,0) -> 0.0625 | O8: 13 | P8: =SUMIF(CLIENTES!A:A,INCENTIVO!A8,CLIENTES!R:R) -> 0 | Q8: =IFERROR(P8/O8,0) -> 0 | R8: 23 | S8: =SUMIF(CLIENTES!A:A,INCENTIVO!A8,CLIENTES!S:S) -> 10 | T8: =IFERROR(S8/R8,0) -> 0.43478261 | U8: 17 | V8: =SUMIF(CLIENTES!A:A,INCENTIVO!A8,CLIENTES!T:T) -> 6 | W8: =IFERROR(V8/U8,0) -> 0.35294118 | X8: 3200000 | Y8: =SUMIF('Bajada $$'!C:C,INCENTIVO!A8,'Bajada $$'!L:L) -> 371633.94 | Z8: =IFERROR(Y8/X8,0) -> 0.11613561 | AA8: 13 | AB8: =SUMIF(CLIENTES!A:A,INCENTIVO!A8,CLIENTES!U:U) -> 4 | AC8: =IFERROR(AB8/AA8,0) -> 0.30769231
A9: 410 | B9: GARCIA LARA | C9: 13 | D9: =SUMIF(CLIENTES!A:A,INCENTIVO!A9,CLIENTES!N:N) -> 1 | E9: =IFERROR(D9/C9,0) -> 0.076923077 | F9: 14 | G9: =SUMIF(CLIENTES!A:A,INCENTIVO!A9,CLIENTES!O:O) -> 5 | H9: =IFERROR(G9/F9,0) -> 0.35714286 | I9: 15 | J9: =SUMIF(CLIENTES!A:A,INCENTIVO!A9,CLIENTES!P:P) -> 3 | K9: =IFERROR(J9/I9,0) -> 0.2 | L9: 15 | M9: =SUMIF(CLIENTES!A:A,INCENTIVO!A9,CLIENTES!Q:Q) -> 0 | N9: =IFERROR(M9/L9,0) -> 0 | O9: 11 | P9: =SUMIF(CLIENTES!A:A,INCENTIVO!A9,CLIENTES!R:R) -> 0 | Q9: =IFERROR(P9/O9,0) -> 0 | R9: 21 | S9: =SUMIF(CLIENTES!A:A,INCENTIVO!A9,CLIENTES!S:S) -> 5 | T9: =IFERROR(S9/R9,0) -> 0.23809524 | U9: 15 | V9: =SUMIF(CLIENTES!A:A,INCENTIVO!A9,CLIENTES!T:T) -> 2 | W9: =IFERROR(V9/U9,0) -> 0.13333333 | X9: 3300000 | Y9: =SUMIF('Bajada $$'!C:C,INCENTIVO!A9,'Bajada $$'!L:L) -> 300040.16 | Z9: =IFERROR(Y9/X9,0) -> 0.090921261 | AA9: 11 | AB9: =SUMIF(CLIENTES!A:A,INCENTIVO!A9,CLIENTES!U:U) -> 1 | AC9: =IFERROR(AB9/AA9,0) -> 0.090909091
A10: 456 | B10: BENITEZ MONICA | C10: 11 | D10: =SUMIF(CLIENTES!A:A,INCENTIVO!A10,CLIENTES!N:N) -> 2 | E10: =IFERROR(D10/C10,0) -> 0.18181818 | F10: 12 | G10: =SUMIF(CLIENTES!A:A,INCENTIVO!A10,CLIENTES!O:O) -> 7 | H10: =IFERROR(G10/F10,0) -> 0.58333333 | I10: 13 | J10: =SUMIF(CLIENTES!A:A,INCENTIVO!A10,CLIENTES!P:P) -> 2 | K10: =IFERROR(J10/I10,0) -> 0.15384615 | L10: 13 | M10: =SUMIF(CLIENTES!A:A,INCENTIVO!A10,CLIENTES!Q:Q) -> 0 | N10: =IFERROR(M10/L10,0) -> 0 | O10: 10 | P10: =SUMIF(CLIENTES!A:A,INCENTIVO!A10,CLIENTES!R:R) -> 1 | Q10: =IFERROR(P10/O10,0) -> 0.1 | R10: 18 | S10: =SUMIF(CLIENTES!A:A,INCENTIVO!A10,CLIENTES!S:S) -> 2 | T10: =IFERROR(S10/R10,0) -> 0.11111111 | U10: 14 | V10: =SUMIF(CLIENTES!A:A,INCENTIVO!A10,CLIENTES!T:T) -> 1 | W10: =IFERROR(V10/U10,0) -> 0.071428571 | X10: 3400000 | Y10: =SUMIF('Bajada $$'!C:C,INCENTIVO!A10,'Bajada $$'!L:L) -> 356885.52 | Z10: =IFERROR(Y10/X10,0) -> 0.10496633 | AA10: 10 | AB10: =SUMIF(CLIENTES!A:A,INCENTIVO!A10,CLIENTES!U:U) -> 1 | AC10: =IFERROR(AB10/AA10,0) -> 0.1
A11: Zona 350 | B11: Adriana Rodriguez | C11: =SUM(C3:C10) -> 106 | D11: =SUM(D3:D10) -> 33 | E11: =IFERROR(D11/C11,0) -> 0.31132075 | F11: =SUM(F3:F10) -> 113 | G11: =SUM(G3:G10) -> 67 | H11: =IFERROR(G11/F11,0) -> 0.59292035 | I11: =SUM(I3:I10) -> 120 | J11: =SUM(J3:J10) -> 36 | K11: =IFERROR(J11/I11,0) -> 0.3 | L11: =SUM(L3:L10) -> 120 | M11: =SUM(M3:M10) -> 10 | N11: =IFERROR(M11/L11,0) -> 0.083333333 | O11: =SUM(O3:O10) -> 93 | P11: =SUM(P3:P10) -> 8 | Q11: =IFERROR(P11/O11,0) -> 0.086021505 | R11: =SUM(R3:R10) -> 170 | S11: =SUM(S3:S10) -> 39 | T11: =IFERROR(S11/R11,0) -> 0.22941176 | U11: =SUM(U3:U10) -> 127 | V11: =SUM(V3:V10) -> 23 | W11: =IFERROR(V11/U11,0) -> 0.18110236 | X11: =SUM(X3:X10) -> 32800000 | Y11: =SUM(Y3:Y10) -> 5467135.8 | Z11: =IFERROR(Y11/X11,0) -> 0.16668097 | AA11: =SUM(AA3:AA10) -> 93 | AB11: =SUM(AB3:AB10) -> 24 | AC11: =IFERROR(AB11/AA11,0) -> 0.25806452
A12: 421 | B12: MINONI GABRIEL* | C12: 13 | D12: =SUMIF(CLIENTES!A:A,INCENTIVO!A12,CLIENTES!N:N) -> 3 | E12: =IFERROR(D12/C12,0) -> 0.23076923 | F12: 14 | G12: =SUMIF(CLIENTES!A:A,INCENTIVO!A12,CLIENTES!O:O) -> 2 | H12: =IFERROR(G12/F12,0) -> 0.14285714 | I12: 15 | J12: =SUMIF(CLIENTES!A:A,INCENTIVO!A12,CLIENTES!P:P) -> 1 | K12: =IFERROR(J12/I12,0) -> 0.066666667 | L12: 15 | M12: =SUMIF(CLIENTES!A:A,INCENTIVO!A12,CLIENTES!Q:Q) -> 0 | N12: =IFERROR(M12/L12,0) -> 0 | O12: 11 | P12: =SUMIF(CLIENTES!A:A,INCENTIVO!A12,CLIENTES!R:R) -> 1 | Q12: =IFERROR(P12/O12,0) -> 0.090909091 | R12: 21 | S12: =SUMIF(CLIENTES!A:A,INCENTIVO!A12,CLIENTES!S:S) -> 8 | T12: =IFERROR(S12/R12,0) -> 0.38095238 | U12: 15 | V12: =SUMIF(CLIENTES!A:A,INCENTIVO!A12,CLIENTES!T:T) -> 1 | W12: =IFERROR(V12/U12,0) -> 0.066666667 | X12: 4700000 | Y12: =SUMIF('Bajada $$'!C:C,INCENTIVO!A12,'Bajada $$'!L:L) -> 707536.08 | Z12: =IFERROR(Y12/X12,0) -> 0.15053959 | AA12: 11 | AB12: =SUMIF(CLIENTES!A:A,INCENTIVO!A12,CLIENTES!U:U) -> 4 | AC12: =IFERROR(AB12/AA12,0) -> 0.36363636
A13: 302 | B13: MARTINEZ DIEGO* | C13: 17 | D13: =SUMIF(CLIENTES!A:A,INCENTIVO!A13,CLIENTES!N:N) -> 5 | E13: =IFERROR(D13/C13,0) -> 0.29411765 | F13: 18 | G13: =SUMIF(CLIENTES!A:A,INCENTIVO!A13,CLIENTES!O:O) -> 7 | H13: =IFERROR(G13/F13,0) -> 0.38888889 | I13: 19 | J13: =SUMIF(CLIENTES!A:A,INCENTIVO!A13,CLIENTES!P:P) -> 8 | K13: =IFERROR(J13/I13,0) -> 0.42105263 | L13: 19 | M13: =SUMIF(CLIENTES!A:A,INCENTIVO!A13,CLIENTES!Q:Q) -> 0 | N13: =IFERROR(M13/L13,0) -> 0 | O13: 15 | P13: =SUMIF(CLIENTES!A:A,INCENTIVO!A13,CLIENTES!R:R) -> 0 | Q13: =IFERROR(P13/O13,0) -> 0 | R13: 27 | S13: =SUMIF(CLIENTES!A:A,INCENTIVO!A13,CLIENTES!S:S) -> 9 | T13: =IFERROR(S13/R13,0) -> 0.33333333 | U13: 20 | V13: =SUMIF(CLIENTES!A:A,INCENTIVO!A13,CLIENTES!T:T) -> 5 | W13: =IFERROR(V13/U13,0) -> 0.25 | X13: 4000000 | Y13: =SUMIF('Bajada $$'!C:C,INCENTIVO!A13,'Bajada $$'!L:L) -> 877872.73 | Z13: =IFERROR(Y13/X13,0) -> 0.21946818 | AA13: 15 | AB13: =SUMIF(CLIENTES!A:A,INCENTIVO!A13,CLIENTES!U:U) -> 3 | AC13: =IFERROR(AB13/AA13,0) -> 0.2
A14: 440 | B14: MARQUEZ PABLO* | C14: 14 | D14: =SUMIF(CLIENTES!A:A,INCENTIVO!A14,CLIENTES!N:N) -> 1 | E14: =IFERROR(D14/C14,0) -> 0.071428571 | F14: 15 | G14: =SUMIF(CLIENTES!A:A,INCENTIVO!A14,CLIENTES!O:O) -> 10 | H14: =IFERROR(G14/F14,0) -> 0.66666667 | I14: 16 | J14: =SUMIF(CLIENTES!A:A,INCENTIVO!A14,CLIENTES!P:P) -> 4 | K14: =IFERROR(J14/I14,0) -> 0.25 | L14: 16 | M14: =SUMIF(CLIENTES!A:A,INCENTIVO!A14,CLIENTES!Q:Q) -> 0 | N14: =IFERROR(M14/L14,0) -> 0 | O14: 12 | P14: =SUMIF(CLIENTES!A:A,INCENTIVO!A14,CLIENTES!R:R) -> 0 | Q14: =IFERROR(P14/O14,0) -> 0 | R14: 23 | S14: =SUMIF(CLIENTES!A:A,INCENTIVO!A14,CLIENTES!S:S) -> 4 | T14: =IFERROR(S14/R14,0) -> 0.17391304 | U14: 17 | V14: =SUMIF(CLIENTES!A:A,INCENTIVO!A14,CLIENTES!T:T) -> 9 | W14: =IFERROR(V14/U14,0) -> 0.52941176 | X14: 13900000 | Y14: =SUMIF('Bajada $$'!C:C,INCENTIVO!A14,'Bajada $$'!L:L) -> 920401.26 | Z14: =IFERROR(Y14/X14,0) -> 0.066215918 | AA14: 12 | AB14: =SUMIF(CLIENTES!A:A,INCENTIVO!A14,CLIENTES!U:U) -> 3 | AC14: =IFERROR(AB14/AA14,0) -> 0.25
A15: 401 | B15: VILAQUI ALBERTO* | C15: 13 | D15: =SUMIF(CLIENTES!A:A,INCENTIVO!A15,CLIENTES!N:N) -> 2 | E15: =IFERROR(D15/C15,0) -> 0.15384615 | F15: 13 | G15: =SUMIF(CLIENTES!A:A,INCENTIVO!A15,CLIENTES!O:O) -> 7 | H15: =IFERROR(G15/F15,0) -> 0.53846154 | I15: 14 | J15: =SUMIF(CLIENTES!A:A,INCENTIVO!A15,CLIENTES!P:P) -> 1 | K15: =IFERROR(J15/I15,0) -> 0.071428571 | L15: 14 | M15: =SUMIF(CLIENTES!A:A,INCENTIVO!A15,CLIENTES!Q:Q) -> 0 | N15: =IFERROR(M15/L15,0) -> 0 | O15: 11 | P15: =SUMIF(CLIENTES!A:A,INCENTIVO!A15,CLIENTES!R:R) -> 0 | Q15: =IFERROR(P15/O15,0) -> 0 | R15: 20 | S15: =SUMIF(CLIENTES!A:A,INCENTIVO!A15,CLIENTES!S:S) -> 3 | T15: =IFERROR(S15/R15,0) -> 0.15 | U15: 15 | V15: =SUMIF(CLIENTES!A:A,INCENTIVO!A15,CLIENTES!T:T) -> 4 | W15: =IFERROR(V15/U15,0) -> 0.26666667 | X15: 5400000 | Y15: =SUMIF('Bajada $$'!C:C,INCENTIVO!A15,'Bajada $$'!L:L) -> 1105383.1 | Z15: =IFERROR(Y15/X15,0) -> 0.20470057 | AA15: 11 | AB15: =SUMIF(CLIENTES!A:A,INCENTIVO!A15,CLIENTES!U:U) -> 2 | AC15: =IFERROR(AB15/AA15,0) -> 0.18181818
A16: 422 | B16: MICELI ARNALDO* | C16: 14 | D16: =SUMIF(CLIENTES!A:A,INCENTIVO!A16,CLIENTES!N:N) -> 0 | E16: =IFERROR(D16/C16,0) -> 0 | F16: 15 | G16: =SUMIF(CLIENTES!A:A,INCENTIVO!A16,CLIENTES!O:O) -> 8 | H16: =IFERROR(G16/F16,0) -> 0.53333333 | I16: 16 | J16: =SUMIF(CLIENTES!A:A,INCENTIVO!A16,CLIENTES!P:P) -> 7 | K16: =IFERROR(J16/I16,0) -> 0.4375 | L16: 16 | M16: =SUMIF(CLIENTES!A:A,INCENTIVO!A16,CLIENTES!Q:Q) -> 2 | N16: =IFERROR(M16/L16,0) -> 0.125 | O16: 12 | P16: =SUMIF(CLIENTES!A:A,INCENTIVO!A16,CLIENTES!R:R) -> 5 | Q16: =IFERROR(P16/O16,0) -> 0.41666667 | R16: 22 | S16: =SUMIF(CLIENTES!A:A,INCENTIVO!A16,CLIENTES!S:S) -> 13 | T16: =IFERROR(S16/R16,0) -> 0.59090909 | U16: 17 | V16: =SUMIF(CLIENTES!A:A,INCENTIVO!A16,CLIENTES!T:T) -> 4 | W16: =IFERROR(V16/U16,0) -> 0.23529412 | X16: 4700000 | Y16: =SUMIF('Bajada $$'!C:C,INCENTIVO!A16,'Bajada $$'!L:L) -> 955090 | Z16: =IFERROR(Y16/X16,0) -> 0.20321064 | AA16: 12 | AB16: =SUMIF(CLIENTES!A:A,INCENTIVO!A16,CLIENTES!U:U) -> 5 | AC16: =IFERROR(AB16/AA16,0) -> 0.41666667
A17: 470 | B17: DELBON GERARDO | C17: 13 | D17: =SUMIF(CLIENTES!A:A,INCENTIVO!A17,CLIENTES!N:N) -> 0 | E17: =IFERROR(D17/C17,0) -> 0 | F17: 13 | G17: =SUMIF(CLIENTES!A:A,INCENTIVO!A17,CLIENTES!O:O) -> 8 | H17: =IFERROR(G17/F17,0) -> 0.61538462 | I17: 14 | J17: =SUMIF(CLIENTES!A:A,INCENTIVO!A17,CLIENTES!P:P) -> 3 | K17: =IFERROR(J17/I17,0) -> 0.21428571 | L17: 14 | M17: =SUMIF(CLIENTES!A:A,INCENTIVO!A17,CLIENTES!Q:Q) -> 0 | N17: =IFERROR(M17/L17,0) -> 0 | O17: 11 | P17: =SUMIF(CLIENTES!A:A,INCENTIVO!A17,CLIENTES!R:R) -> 0 | Q17: =IFERROR(P17/O17,0) -> 0 | R17: 20 | S17: =SUMIF(CLIENTES!A:A,INCENTIVO!A17,CLIENTES!S:S) -> 10 | T17: =IFERROR(S17/R17,0) -> 0.5 | U17: 15 | V17: =SUMIF(CLIENTES!A:A,INCENTIVO!A17,CLIENTES!T:T) -> 4 | W17: =IFERROR(V17/U17,0) -> 0.26666667 | X17: 4200000 | Y17: =SUMIF('Bajada $$'!C:C,INCENTIVO!A17,'Bajada $$'!L:L) -> 3225608.5 | Z17: =IFERROR(Y17/X17,0) -> 0.76800203 | AA17: 11 | AB17: =SUMIF(CLIENTES!A:A,INCENTIVO!A17,CLIENTES!U:U) -> 5 | AC17: =IFERROR(AB17/AA17,0) -> 0.45454545
A18: 423 | B18: SOLA DANIEL* | C18: 15 | D18: =SUMIF(CLIENTES!A:A,INCENTIVO!A18,CLIENTES!N:N) -> 5 | E18: =IFERROR(D18/C18,0) -> 0.33333333 | F18: 16 | G18: =SUMIF(CLIENTES!A:A,INCENTIVO!A18,CLIENTES!O:O) -> 9 | H18: =IFERROR(G18/F18,0) -> 0.5625 | I18: 17 | J18: =SUMIF(CLIENTES!A:A,INCENTIVO!A18,CLIENTES!P:P) -> 8 | K18: =IFERROR(J18/I18,0) -> 0.47058824 | L18: 17 | M18: =SUMIF(CLIENTES!A:A,INCENTIVO!A18,CLIENTES!Q:Q) -> 5 | N18: =IFERROR(M18/L18,0) -> 0.29411765 | O18: 13 | P18: =SUMIF(CLIENTES!A:A,INCENTIVO!A18,CLIENTES!R:R) -> 1 | Q18: =IFERROR(P18/O18,0) -> 0.076923077 | R18: 24 | S18: =SUMIF(CLIENTES!A:A,INCENTIVO!A18,CLIENTES!S:S) -> 13 | T18: =IFERROR(S18/R18,0) -> 0.54166667 | U18: 18 | V18: =SUMIF(CLIENTES!A:A,INCENTIVO!A18,CLIENTES!T:T) -> 9 | W18: =IFERROR(V18/U18,0) -> 0.5 | X18: 5800000 | Y18: =SUMIF('Bajada $$'!C:C,INCENTIVO!A18,'Bajada $$'!L:L) -> 374994.61 | Z18: =IFERROR(Y18/X18,0) -> 0.064654243 | AA18: 13 | AB18: =SUMIF(CLIENTES!A:A,INCENTIVO!A18,CLIENTES!U:U) -> 3 | AC18: =IFERROR(AB18/AA18,0) -> 0.23076923
A19: 445 | B19: DI PRIETO DIEGO | C19: 15 | D19: =SUMIF(CLIENTES!A:A,INCENTIVO!A19,CLIENTES!N:N) -> 2 | E19: =IFERROR(D19/C19,0) -> 0.13333333 | F19: 16 | G19: =SUMIF(CLIENTES!A:A,INCENTIVO!A19,CLIENTES!O:O) -> 3 | H19: =IFERROR(G19/F19,0) -> 0.1875 | I19: 17 | J19: =SUMIF(CLIENTES!A:A,INCENTIVO!A19,CLIENTES!P:P) -> 1 | K19: =IFERROR(J19/I19,0) -> 0.058823529 | L19: 17 | M19: =SUMIF(CLIENTES!A:A,INCENTIVO!A19,CLIENTES!Q:Q) -> 0 | N19: =IFERROR(M19/L19,0) -> 0 | O19: 13 | P19: =SUMIF(CLIENTES!A:A,INCENTIVO!A19,CLIENTES!R:R) -> 0 | Q19: =IFERROR(P19/O19,0) -> 0 | R19: 23 | S19: =SUMIF(CLIENTES!A:A,INCENTIVO!A19,CLIENTES!S:S) -> 5 | T19: =IFERROR(S19/R19,0) -> 0.2173913 | U19: 18 | V19: =SUMIF(CLIENTES!A:A,INCENTIVO!A19,CLIENTES!T:T) -> 4 | W19: =IFERROR(V19/U19,0) -> 0.22222222 | X19: 5300000 | Y19: =SUMIF('Bajada $$'!C:C,INCENTIVO!A19,'Bajada $$'!L:L) -> 1243711.8 | Z19: =IFERROR(Y19/X19,0) -> 0.2346626 | AA19: 13 | AB19: =SUMIF(CLIENTES!A:A,INCENTIVO!A19,CLIENTES!U:U) -> 1 | AC19: =IFERROR(AB19/AA19,0) -> 0.076923077
A20: 490 | B20: NUÑEZ ANDRES* | C20: 12 | D20: =SUMIF(CLIENTES!A:A,INCENTIVO!A20,CLIENTES!N:N) -> 0 | E20: =IFERROR(D20/C20,0) -> 0 | F20: 13 | G20: =SUMIF(CLIENTES!A:A,INCENTIVO!A20,CLIENTES!O:O) -> 5 | H20: =IFERROR(G20/F20,0) -> 0.38461538 | I20: 13 | J20: =SUMIF(CLIENTES!A:A,INCENTIVO!A20,CLIENTES!P:P) -> 1 | K20: =IFERROR(J20/I20,0) -> 0.076923077 | L20: 13 | M20: =SUMIF(CLIENTES!A:A,INCENTIVO!A20,CLIENTES!Q:Q) -> 0 | N20: =IFERROR(M20/L20,0) -> 0 | O20: 10 | P20: =SUMIF(CLIENTES!A:A,INCENTIVO!A20,CLIENTES!R:R) -> 1 | Q20: =IFERROR(P20/O20,0) -> 0.1 | R20: 19 | S20: =SUMIF(CLIENTES!A:A,INCENTIVO!A20,CLIENTES!S:S) -> 6 | T20: =IFERROR(S20/R20,0) -> 0.31578947 | U20: 14 | V20: =SUMIF(CLIENTES!A:A,INCENTIVO!A20,CLIENTES!T:T) -> 5 | W20: =IFERROR(V20/U20,0) -> 0.35714286 | X20: 7700000 | Y20: =SUMIF('Bajada $$'!C:C,INCENTIVO!A20,'Bajada $$'!L:L) -> 2129049.6 | Z20: =IFERROR(Y20/X20,0) -> 0.27649995 | AA20: 10 | AB20: =SUMIF(CLIENTES!A:A,INCENTIVO!A20,CLIENTES!U:U) -> 0 | AC20: =IFERROR(AB20/AA20,0) -> 0
A21: Zona 750 | B21: Oscar Lavalle | C21: =SUM(C12:C20) -> 126 | D21: =SUM(D12:D20) -> 18 | E21: =IFERROR(D21/C21,0) -> 0.14285714 | F21: =SUM(F12:F20) -> 133 | G21: =SUM(G12:G20) -> 59 | H21: =IFERROR(G21/F21,0) -> 0.44360902 | I21: =SUM(I12:I20) -> 141 | J21: =SUM(J12:J20) -> 34 | K21: =IFERROR(J21/I21,0) -> 0.24113475 | L21: =SUM(L12:L20) -> 141 | M21: =SUM(M12:M20) -> 7 | N21: =IFERROR(M21/L21,0) -> 0.04964539 | O21: =SUM(O12:O20) -> 108 | P21: =SUM(P12:P20) -> 8 | Q21: =IFERROR(P21/O21,0) -> 0.074074074 | R21: =SUM(R12:R20) -> 199 | S21: =SUM(S12:S20) -> 71 | T21: =IFERROR(S21/R21,0) -> 0.35678392 | U21: =SUM(U12:U20) -> 149 | V21: =SUM(V12,V20) -> 6 | W21: =IFERROR(V21/U21,0) -> 0.040268456 | X21: =SUM(X12:X20) -> 55700000 | Y21: =SUM(Y12:Y20) -> 11539648 | Z21: =IFERROR(Y21/X21,0) -> 0.207175 | AA21: =SUM(AA12:AA20) -> 108 | AB21: =SUM(AB12,AB20) -> 4 | AC21: =IFERROR(AB21/AA21,0) -> 0.037037037
A22: 310 | B22: BENITEZ GUSTAVO* | C22: 13 | D22: =SUMIF(CLIENTES!A:A,INCENTIVO!A22,CLIENTES!N:N) -> 3 | E22: =IFERROR(D22/C22,0) -> 0.23076923 | F22: 13 | G22: =SUMIF(CLIENTES!A:A,INCENTIVO!A22,CLIENTES!O:O) -> 3 | H22: =IFERROR(G22/F22,0) -> 0.23076923 | I22: 14 | J22: =SUMIF(CLIENTES!A:A,INCENTIVO!A22,CLIENTES!P:P) -> 0 | K22: =IFERROR(J22/I22,0) -> 0 | L22: 14 | M22: =SUMIF(CLIENTES!A:A,INCENTIVO!A22,CLIENTES!Q:Q) -> 0 | N22: =IFERROR(M22/L22,0) -> 0 | O22: 11 | P22: =SUMIF(CLIENTES!A:A,INCENTIVO!A22,CLIENTES!R:R) -> 0 | Q22: =IFERROR(P22/O22,0) -> 0 | R22: 20 | S22: =SUMIF(CLIENTES!A:A,INCENTIVO!A22,CLIENTES!S:S) -> 3 | T22: =IFERROR(S22/R22,0) -> 0.15 | U22: 15 | V22: =SUMIF(CLIENTES!A:A,INCENTIVO!A22,CLIENTES!T:T) -> 3 | W22: =IFERROR(V22/U22,0) -> 0.2 | X22: 2800000 | Y22: =SUMIF('Bajada $$'!C:C,INCENTIVO!A22,'Bajada $$'!L:L) -> 172625.94 | Z22: =IFERROR(Y22/X22,0) -> 0.061652121 | AA22: 11 | AB22: =SUMIF(CLIENTES!A:A,INCENTIVO!A22,CLIENTES!U:U) -> 2 | AC22: =IFERROR(AB22/AA22,0) -> 0.18181818
A23: 351 | B23: LATTRECCHIANA SANTIA | C23: 12 | D23: =SUMIF(CLIENTES!A:A,INCENTIVO!A23,CLIENTES!N:N) -> 2 | E23: =IFERROR(D23/C23,0) -> 0.16666667 | F23: 13 | G23: =SUMIF(CLIENTES!A:A,INCENTIVO!A23,CLIENTES!O:O) -> 4 | H23: =IFERROR(G23/F23,0) -> 0.30769231 | I23: 13 | J23: =SUMIF(CLIENTES!A:A,INCENTIVO!A23,CLIENTES!P:P) -> 1 | K23: =IFERROR(J23/I23,0) -> 0.076923077 | L23: 13 | M23: =SUMIF(CLIENTES!A:A,INCENTIVO!A23,CLIENTES!Q:Q) -> 0 | N23: =IFERROR(M23/L23,0) -> 0 | O23: 10 | P23: =SUMIF(CLIENTES!A:A,INCENTIVO!A23,CLIENTES!R:R) -> 1 | Q23: =IFERROR(P23/O23,0) -> 0.1 | R23: 19 | S23: =SUMIF(CLIENTES!A:A,INCENTIVO!A23,CLIENTES!S:S) -> 7 | T23: =IFERROR(S23/R23,0) -> 0.36842105 | U23: 14 | V23: =SUMIF(CLIENTES!A:A,INCENTIVO!A23,CLIENTES!T:T) -> 4 | W23: =IFERROR(V23/U23,0) -> 0.28571429 | X23: 3400000 | Y23: =SUMIF('Bajada $$'!C:C,INCENTIVO!A23,'Bajada $$'!L:L) -> 161588.22 | Z23: =IFERROR(Y23/X23,0) -> 0.047525947 | AA23: 10 | AB23: =SUMIF(CLIENTES!A:A,INCENTIVO!A23,CLIENTES!U:U) -> 3 | AC23: =IFERROR(AB23/AA23,0) -> 0.3
A24: 311 | B24: BOIS DARIO EMILIO* | C24: 16 | D24: =SUMIF(CLIENTES!A:A,INCENTIVO!A24,CLIENTES!N:N) -> 2 | E24: =IFERROR(D24/C24,0) -> 0.125 | F24: 17 | G24: =SUMIF(CLIENTES!A:A,INCENTIVO!A24,CLIENTES!O:O) -> 5 | H24: =IFERROR(G24/F24,0) -> 0.29411765 | I24: 18 | J24: =SUMIF(CLIENTES!A:A,INCENTIVO!A24,CLIENTES!P:P) -> 0 | K24: =IFERROR(J24/I24,0) -> 0 | L24: 18 | M24: =SUMIF(CLIENTES!A:A,INCENTIVO!A24,CLIENTES!Q:Q) -> 0 | N24: =IFERROR(M24/L24,0) -> 0 | O24: 14 | P24: =SUMIF(CLIENTES!A:A,INCENTIVO!A24,CLIENTES!R:R) -> 0 | Q24: =IFERROR(P24/O24,0) -> 0 | R24: 26 | S24: =SUMIF(CLIENTES!A:A,INCENTIVO!A24,CLIENTES!S:S) -> 8 | T24: =IFERROR(S24/R24,0) -> 0.30769231 | U24: 19 | V24: =SUMIF(CLIENTES!A:A,INCENTIVO!A24,CLIENTES!T:T) -> 2 | W24: =IFERROR(V24/U24,0) -> 0.10526316 | X24: 4600000 | Y24: =SUMIF('Bajada $$'!C:C,INCENTIVO!A24,'Bajada $$'!L:L) -> 825086.76 | Z24: =IFERROR(Y24/X24,0) -> 0.17936669 | AA24: 14 | AB24: =SUMIF(CLIENTES!A:A,INCENTIVO!A24,CLIENTES!U:U) -> 0 | AC24: =IFERROR(AB24/AA24,0) -> 0
A25: 312 | B25: AGUIRRE CESAR* | C25: 14 | D25: =SUMIF(CLIENTES!A:A,INCENTIVO!A25,CLIENTES!N:N) -> 3 | E25: =IFERROR(D25/C25,0) -> 0.21428571 | F25: 15 | G25: =SUMIF(CLIENTES!A:A,INCENTIVO!A25,CLIENTES!O:O) -> 7 | H25: =IFERROR(G25/F25,0) -> 0.46666667 | I25: 16 | J25: =SUMIF(CLIENTES!A:A,INCENTIVO!A25,CLIENTES!P:P) -> 9 | K25: =IFERROR(J25/I25,0) -> 0.5625 | L25: 16 | M25: =SUMIF(CLIENTES!A:A,INCENTIVO!A25,CLIENTES!Q:Q) -> 1 | N25: =IFERROR(M25/L25,0) -> 0.0625 | O25: 12 | P25: =SUMIF(CLIENTES!A:A,INCENTIVO!A25,CLIENTES!R:R) -> 1 | Q25: =IFERROR(P25/O25,0) -> 0.083333333 | R25: 22 | S25: =SUMIF(CLIENTES!A:A,INCENTIVO!A25,CLIENTES!S:S) -> 13 | T25: =IFERROR(S25/R25,0) -> 0.59090909 | U25: 17 | V25: =SUMIF(CLIENTES!A:A,INCENTIVO!A25,CLIENTES!T:T) -> 8 | W25: =IFERROR(V25/U25,0) -> 0.47058824 | X25: 3800000 | Y25: =SUMIF('Bajada $$'!C:C,INCENTIVO!A25,'Bajada $$'!L:L) -> 1106717.3 | Z25: =IFERROR(Y25/X25,0) -> 0.29124141 | AA25: 12 | AB25: =SUMIF(CLIENTES!A:A,INCENTIVO!A25,CLIENTES!U:U) -> 4 | AC25: =IFERROR(AB25/AA25,0) -> 0.33333333
A26: 313 | B26: MAGALLANES JOSE* | C26: 16 | D26: =SUMIF(CLIENTES!A:A,INCENTIVO!A26,CLIENTES!N:N) -> 2 | E26: =IFERROR(D26/C26,0) -> 0.125 | F26: 17 | G26: =SUMIF(CLIENTES!A:A,INCENTIVO!A26,CLIENTES!O:O) -> 9 | H26: =IFERROR(G26/F26,0) -> 0.52941176 | I26: 18 | J26: =SUMIF(CLIENTES!A:A,INCENTIVO!A26,CLIENTES!P:P) -> 2 | K26: =IFERROR(J26/I26,0) -> 0.11111111 | L26: 18 | M26: =SUMIF(CLIENTES!A:A,INCENTIVO!A26,CLIENTES!Q:Q) -> 5 | N26: =IFERROR(M26/L26,0) -> 0.27777778 | O26: 14 | P26: =SUMIF(CLIENTES!A:A,INCENTIVO!A26,CLIENTES!R:R) -> 1 | Q26: =IFERROR(P26/O26,0) -> 0.071428571 | R26: 25 | S26: =SUMIF(CLIENTES!A:A,INCENTIVO!A26,CLIENTES!S:S) -> 6 | T26: =IFERROR(S26/R26,0) -> 0.24 | U26: 19 | V26: =SUMIF(CLIENTES!A:A,INCENTIVO!A26,CLIENTES!T:T) -> 2 | W26: =IFERROR(V26/U26,0) -> 0.10526316 | X26: 2800000 | Y26: =SUMIF('Bajada $$'!C:C,INCENTIVO!A26,'Bajada $$'!L:L) -> 507193.08 | Z26: =IFERROR(Y26/X26,0) -> 0.18114039 | AA26: 14 | AB26: =SUMIF(CLIENTES!A:A,INCENTIVO!A26,CLIENTES!U:U) -> 5 | AC26: =IFERROR(AB26/AA26,0) -> 0.35714286
A27: 338 | B27: SARIA JAVIER | C27: 12 | D27: =SUMIF(CLIENTES!A:A,INCENTIVO!A27,CLIENTES!N:N) -> 1 | E27: =IFERROR(D27/C27,0) -> 0.083333333 | F27: 13 | G27: =SUMIF(CLIENTES!A:A,INCENTIVO!A27,CLIENTES!O:O) -> 9 | H27: =IFERROR(G27/F27,0) -> 0.69230769 | I27: 14 | J27: =SUMIF(CLIENTES!A:A,INCENTIVO!A27,CLIENTES!P:P) -> 3 | K27: =IFERROR(J27/I27,0) -> 0.21428571 | L27: 14 | M27: =SUMIF(CLIENTES!A:A,INCENTIVO!A27,CLIENTES!Q:Q) -> 3 | N27: =IFERROR(M27/L27,0) -> 0.21428571 | O27: 11 | P27: =SUMIF(CLIENTES!A:A,INCENTIVO!A27,CLIENTES!R:R) -> 0 | Q27: =IFERROR(P27/O27,0) -> 0 | R27: 19 | S27: =SUMIF(CLIENTES!A:A,INCENTIVO!A27,CLIENTES!S:S) -> 5 | T27: =IFERROR(S27/R27,0) -> 0.26315789 | U27: 15 | V27: =SUMIF(CLIENTES!A:A,INCENTIVO!A27,CLIENTES!T:T) -> 5 | W27: =IFERROR(V27/U27,0) -> 0.33333333 | X27: 4900000 | Y27: =SUMIF('Bajada $$'!C:C,INCENTIVO!A27,'Bajada $$'!L:L) -> 4276583 | Z27: =IFERROR(Y27/X27,0) -> 0.87277205 | AA27: 11 | AB27: =SUMIF(CLIENTES!A:A,INCENTIVO!A27,CLIENTES!U:U) -> 5 | AC27: =IFERROR(AB27/AA27,0) -> 0.45454545
A28: 303 | B28: SEGOVIA KARINA* | C28: 14 | D28: =SUMIF(CLIENTES!A:A,INCENTIVO!A28,CLIENTES!N:N) -> 9 | E28: =IFERROR(D28/C28,0) -> 0.64285714 | F28: 15 | G28: =SUMIF(CLIENTES!A:A,INCENTIVO!A28,CLIENTES!O:O) -> 10 | H28: =IFERROR(G28/F28,0) -> 0.66666667 | I28: 16 | J28: =SUMIF(CLIENTES!A:A,INCENTIVO!A28,CLIENTES!P:P) -> 6 | K28: =IFERROR(J28/I28,0) -> 0.375 | L28: 16 | M28: =SUMIF(CLIENTES!A:A,INCENTIVO!A28,CLIENTES!Q:Q) -> 7 | N28: =IFERROR(M28/L28,0) -> 0.4375 | O28: 13 | P28: =SUMIF(CLIENTES!A:A,INCENTIVO!A28,CLIENTES!R:R) -> 5 | Q28: =IFERROR(P28/O28,0) -> 0.38461538 | R28: 23 | S28: =SUMIF(CLIENTES!A:A,INCENTIVO!A28,CLIENTES!S:S) -> 14 | T28: =IFERROR(S28/R28,0) -> 0.60869565 | U28: 17 | V28: =SUMIF(CLIENTES!A:A,INCENTIVO!A28,CLIENTES!T:T) -> 7 | W28: =IFERROR(V28/U28,0) -> 0.41176471 | X28: 2800000 | Y28: =SUMIF('Bajada $$'!C:C,INCENTIVO!A28,'Bajada $$'!L:L) -> 1187589.5 | Z28: =IFERROR(Y28/X28,0) -> 0.42413911 | AA28: 13 | AB28: =SUMIF(CLIENTES!A:A,INCENTIVO!A28,CLIENTES!U:U) -> 2 | AC28: =IFERROR(AB28/AA28,0) -> 0.15384615
A29: 354 | B29: AGUIRRE CARLOS | C29: 15 | D29: =SUMIF(CLIENTES!A:A,INCENTIVO!A29,CLIENTES!N:N) -> 4 | E29: =IFERROR(D29/C29,0) -> 0.26666667 | F29: 16 | G29: =SUMIF(CLIENTES!A:A,INCENTIVO!A29,CLIENTES!O:O) -> 12 | H29: =IFERROR(G29/F29,0) -> 0.75 | I29: 17 | J29: =SUMIF(CLIENTES!A:A,INCENTIVO!A29,CLIENTES!P:P) -> 7 | K29: =IFERROR(J29/I29,0) -> 0.41176471 | L29: 17 | M29: =SUMIF(CLIENTES!A:A,INCENTIVO!A29,CLIENTES!Q:Q) -> 0 | N29: =IFERROR(M29/L29,0) -> 0 | O29: 13 | P29: =SUMIF(CLIENTES!A:A,INCENTIVO!A29,CLIENTES!R:R) -> 1 | Q29: =IFERROR(P29/O29,0) -> 0.076923077 | R29: 25 | S29: =SUMIF(CLIENTES!A:A,INCENTIVO!A29,CLIENTES!S:S) -> 6 | T29: =IFERROR(S29/R29,0) -> 0.24 | U29: 18 | V29: =SUMIF(CLIENTES!A:A,INCENTIVO!A29,CLIENTES!T:T) -> 3 | W29: =IFERROR(V29/U29,0) -> 0.16666667 | X29: 4900000 | Y29: =SUMIF('Bajada $$'!C:C,INCENTIVO!A29,'Bajada $$'!L:L) -> 717984.06 | Z29: =IFERROR(Y29/X29,0) -> 0.14652736 | AA29: 13 | AB29: =SUMIF(CLIENTES!A:A,INCENTIVO!A29,CLIENTES!U:U) -> 5 | AC29: =IFERROR(AB29/AA29,0) -> 0.38461538
A30: 341 | B30: SOTO NICOLAS | C30: 13 | D30: =SUMIF(CLIENTES!A:A,INCENTIVO!A30,CLIENTES!N:N) -> 8 | E30: =IFERROR(D30/C30,0) -> 0.61538462 | F30: 14 | G30: =SUMIF(CLIENTES!A:A,INCENTIVO!A30,CLIENTES!O:O) -> 10 | H30: =IFERROR(G30/F30,0) -> 0.71428571 | I30: 15 | J30: =SUMIF(CLIENTES!A:A,INCENTIVO!A30,CLIENTES!P:P) -> 8 | K30: =IFERROR(J30/I30,0) -> 0.53333333 | L30: 15 | M30: =SUMIF(CLIENTES!A:A,INCENTIVO!A30,CLIENTES!Q:Q) -> 8 | N30: =IFERROR(M30/L30,0) -> 0.53333333 | O30: 11 | P30: =SUMIF(CLIENTES!A:A,INCENTIVO!A30,CLIENTES!R:R) -> 1 | Q30: =IFERROR(P30/O30,0) -> 0.090909091 | R30: 21 | S30: =SUMIF(CLIENTES!A:A,INCENTIVO!A30,CLIENTES!S:S) -> 12 | T30: =IFERROR(S30/R30,0) -> 0.57142857 | U30: 15 | V30: =SUMIF(CLIENTES!A:A,INCENTIVO!A30,CLIENTES!T:T) -> 5 | W30: =IFERROR(V30/U30,0) -> 0.33333333 | X30: 2800000 | Y30: =SUMIF('Bajada $$'!C:C,INCENTIVO!A30,'Bajada $$'!L:L) -> 5389357.9 | Z30: =IFERROR(Y30/X30,0) -> 1.9247707 | AA30: 11 | AB30: =SUMIF(CLIENTES!A:A,INCENTIVO!A30,CLIENTES!U:U) -> 2 | AC30: =IFERROR(AB30/AA30,0) -> 0.18181818
A31: 314 | B31: BARRAUD PATRICIA | C31: 13 | D31: =SUMIF(CLIENTES!A:A,INCENTIVO!A31,CLIENTES!N:N) -> 2 | E31: =IFERROR(D31/C31,0) -> 0.15384615 | F31: 13 | G31: =SUMIF(CLIENTES!A:A,INCENTIVO!A31,CLIENTES!O:O) -> 5 | H31: =IFERROR(G31/F31,0) -> 0.38461538 | I31: 14 | J31: =SUMIF(CLIENTES!A:A,INCENTIVO!A31,CLIENTES!P:P) -> 0 | K31: =IFERROR(J31/I31,0) -> 0 | L31: 14 | M31: =SUMIF(CLIENTES!A:A,INCENTIVO!A31,CLIENTES!Q:Q) -> 0 | N31: =IFERROR(M31/L31,0) -> 0 | O31: 11 | P31: =SUMIF(CLIENTES!A:A,INCENTIVO!A31,CLIENTES!R:R) -> 0 | Q31: =IFERROR(P31/O31,0) -> 0 | R31: 20 | S31: =SUMIF(CLIENTES!A:A,INCENTIVO!A31,CLIENTES!S:S) -> 6 | T31: =IFERROR(S31/R31,0) -> 0.3 | U31: 15 | V31: =SUMIF(CLIENTES!A:A,INCENTIVO!A31,CLIENTES!T:T) -> 2 | W31: =IFERROR(V31/U31,0) -> 0.13333333 | X31: 2800000 | Y31: =SUMIF('Bajada $$'!C:C,INCENTIVO!A31,'Bajada $$'!L:L) -> 711125.88 | Z31: =IFERROR(Y31/X31,0) -> 0.25397353 | AA31: 11 | AB31: =SUMIF(CLIENTES!A:A,INCENTIVO!A31,CLIENTES!U:U) -> 1 | AC31: =IFERROR(AB31/AA31,0) -> 0.090909091
A32: Zona 800 | B32: Fabio Vazquez | C32: =SUM(C22:C31) -> 138 | D32: =SUM(D22:D31) -> 36 | E32: =IFERROR(D32/C32,0) -> 0.26086957 | F32: =SUM(F22:F31) -> 146 | G32: =SUM(G22:G31) -> 74 | H32: =IFERROR(G32/F32,0) -> 0.50684932 | I32: =SUM(I22:I31) -> 155 | J32: =SUM(J22:J31) -> 36 | K32: =IFERROR(J32/I32,0) -> 0.23225806 | L32: =SUM(L22:L31) -> 155 | M32: =SUM(M22:M31) -> 24 | N32: =IFERROR(M32/L32,0) -> 0.15483871 | O32: =SUM(O22:O31) -> 120 | P32: =SUM(P22:P31) -> 10 | Q32: =IFERROR(P32/O32,0) -> 0.083333333 | R32: =SUM(R22:R31) -> 220 | S32: =SUM(S22:S31) -> 80 | T32: =IFERROR(S32/R32,0) -> 0.36363636 | U32: =SUM(U22:U31) -> 164 | V32: =SUM(V22:V31) -> 41 | W32: =IFERROR(V32/U32,0) -> 0.25 | X32: =SUM(X22:X31) -> 35600000 | Y32: =SUM(Y22:Y31) -> 15055852 | Z32: =IFERROR(Y32/X32,0) -> 0.42291718 | AA32: =SUM(AA22:AA31) -> 120 | AB32: =SUM(AB22:AB31) -> 29 | AC32: =IFERROR(AB32/AA32,0) -> 0.24166667
A33: 315 | B33: PAZ TERESA | C33: 14 | D33: =SUMIF(CLIENTES!A:A,INCENTIVO!A33,CLIENTES!N:N) -> 1 | E33: =IFERROR(D33/C33,0) -> 0.071428571 | F33: 15 | G33: =SUMIF(CLIENTES!A:A,INCENTIVO!A33,CLIENTES!O:O) -> 8 | H33: =IFERROR(G33/F33,0) -> 0.53333333 | I33: 16 | J33: =SUMIF(CLIENTES!A:A,INCENTIVO!A33,CLIENTES!P:P) -> 9 | K33: =IFERROR(J33/I33,0) -> 0.5625 | L33: 16 | M33: =SUMIF(CLIENTES!A:A,INCENTIVO!A33,CLIENTES!Q:Q) -> 0 | N33: =IFERROR(M33/L33,0) -> 0 | O33: 12 | P33: =SUMIF(CLIENTES!A:A,INCENTIVO!A33,CLIENTES!R:R) -> 2 | Q33: =IFERROR(P33/O33,0) -> 0.16666667 | R33: 22 | S33: =SUMIF(CLIENTES!A:A,INCENTIVO!A33,CLIENTES!S:S) -> 12 | T33: =IFERROR(S33/R33,0) -> 0.54545455 | U33: 17 | V33: =SUMIF(CLIENTES!A:A,INCENTIVO!A33,CLIENTES!T:T) -> 8 | W33: =IFERROR(V33/U33,0) -> 0.47058824 | X33: 3200000 | Y33: =SUMIF('Bajada $$'!C:C,INCENTIVO!A33,'Bajada $$'!L:L) -> 318161.88 | Z33: =IFERROR(Y33/X33,0) -> 0.099425588 | AA33: 12 | AB33: =SUMIF(CLIENTES!A:A,INCENTIVO!A33,CLIENTES!U:U) -> 4 | AC33: =IFERROR(AB33/AA33,0) -> 0.33333333
A34: 316 | B34: CABELLO YURI CARMEN | C34: 14 | D34: =SUMIF(CLIENTES!A:A,INCENTIVO!A34,CLIENTES!N:N) -> 6 | E34: =IFERROR(D34/C34,0) -> 0.42857143 | F34: 15 | G34: =SUMIF(CLIENTES!A:A,INCENTIVO!A34,CLIENTES!O:O) -> 15 | H34: =IFERROR(G34/F34,0) -> 1 | I34: 16 | J34: =SUMIF(CLIENTES!A:A,INCENTIVO!A34,CLIENTES!P:P) -> 8 | K34: =IFERROR(J34/I34,0) -> 0.5 | L34: 16 | M34: =SUMIF(CLIENTES!A:A,INCENTIVO!A34,CLIENTES!Q:Q) -> 2 | N34: =IFERROR(M34/L34,0) -> 0.125 | O34: 12 | P34: =SUMIF(CLIENTES!A:A,INCENTIVO!A34,CLIENTES!R:R) -> 0 | Q34: =IFERROR(P34/O34,0) -> 0 | R34: 22 | S34: =SUMIF(CLIENTES!A:A,INCENTIVO!A34,CLIENTES!S:S) -> 17 | T34: =IFERROR(S34/R34,0) -> 0.77272727 | U34: 17 | V34: =SUMIF(CLIENTES!A:A,INCENTIVO!A34,CLIENTES!T:T) -> 5 | W34: =IFERROR(V34/U34,0) -> 0.29411765 | X34: 5500000 | Y34: =SUMIF('Bajada $$'!C:C,INCENTIVO!A34,'Bajada $$'!L:L) -> 468788.92 | Z34: =IFERROR(Y34/X34,0) -> 0.085234349 | AA34: 12 | AB34: =SUMIF(CLIENTES!A:A,INCENTIVO!A34,CLIENTES!U:U) -> 1 | AC34: =IFERROR(AB34/AA34,0) -> 0.083333333
A35: 317 | B35: CONFORTI FATIMA | C35: 15 | D35: =SUMIF(CLIENTES!A:A,INCENTIVO!A35,CLIENTES!N:N) -> 9 | E35: =IFERROR(D35/C35,0) -> 0.6 | F35: 16 | G35: =SUMIF(CLIENTES!A:A,INCENTIVO!A35,CLIENTES!O:O) -> 7 | H35: =IFERROR(G35/F35,0) -> 0.4375 | I35: 17 | J35: =SUMIF(CLIENTES!A:A,INCENTIVO!A35,CLIENTES!P:P) -> 8 | K35: =IFERROR(J35/I35,0) -> 0.47058824 | L35: 17 | M35: =SUMIF(CLIENTES!A:A,INCENTIVO!A35,CLIENTES!Q:Q) -> 2 | N35: =IFERROR(M35/L35,0) -> 0.11764706 | O35: 13 | P35: =SUMIF(CLIENTES!A:A,INCENTIVO!A35,CLIENTES!R:R) -> 0 | Q35: =IFERROR(P35/O35,0) -> 0 | R35: 24 | S35: =SUMIF(CLIENTES!A:A,INCENTIVO!A35,CLIENTES!S:S) -> 15 | T35: =IFERROR(S35/R35,0) -> 0.625 | U35: 18 | V35: =SUMIF(CLIENTES!A:A,INCENTIVO!A35,CLIENTES!T:T) -> 6 | W35: =IFERROR(V35/U35,0) -> 0.33333333 | X35: 4100000 | Y35: =SUMIF('Bajada $$'!C:C,INCENTIVO!A35,'Bajada $$'!L:L) -> 971843.42 | Z35: =IFERROR(Y35/X35,0) -> 0.23703498 | AA35: 13 | AB35: =SUMIF(CLIENTES!A:A,INCENTIVO!A35,CLIENTES!U:U) -> 5 | AC35: =IFERROR(AB35/AA35,0) -> 0.38461538
A36: 336 | B36: ALVAREZ MARTIN | C36: 13 | D36: =SUMIF(CLIENTES!A:A,INCENTIVO!A36,CLIENTES!N:N) -> 4 | E36: =IFERROR(D36/C36,0) -> 0.30769231 | F36: 14 | G36: =SUMIF(CLIENTES!A:A,INCENTIVO!A36,CLIENTES!O:O) -> 4 | H36: =IFERROR(G36/F36,0) -> 0.28571429 | I36: 15 | J36: =SUMIF(CLIENTES!A:A,INCENTIVO!A36,CLIENTES!P:P) -> 1 | K36: =IFERROR(J36/I36,0) -> 0.066666667 | L36: 15 | M36: =SUMIF(CLIENTES!A:A,INCENTIVO!A36,CLIENTES!Q:Q) -> 0 | N36: =IFERROR(M36/L36,0) -> 0 | O36: 12 | P36: =SUMIF(CLIENTES!A:A,INCENTIVO!A36,CLIENTES!R:R) -> 0 | Q36: =IFERROR(P36/O36,0) -> 0 | R36: 21 | S36: =SUMIF(CLIENTES!A:A,INCENTIVO!A36,CLIENTES!S:S) -> 6 | T36: =IFERROR(S36/R36,0) -> 0.28571429 | U36: 16 | V36: =SUMIF(CLIENTES!A:A,INCENTIVO!A36,CLIENTES!T:T) -> 3 | W36: =IFERROR(V36/U36,0) -> 0.1875 | X36: 3000000 | Y36: =SUMIF('Bajada $$'!C:C,INCENTIVO!A36,'Bajada $$'!L:L) -> 933806.64 | Z36: =IFERROR(Y36/X36,0) -> 0.31126888 | AA36: 12 | AB36: =SUMIF(CLIENTES!A:A,INCENTIVO!A36,CLIENTES!U:U) -> 3 | AC36: =IFERROR(AB36/AA36,0) -> 0.25
A37: 345 | B37: PEREZ LORENA | C37: 15 | D37: =SUMIF(CLIENTES!A:A,INCENTIVO!A37,CLIENTES!N:N) -> 2 | E37: =IFERROR(D37/C37,0) -> 0.13333333 | F37: 16 | G37: =SUMIF(CLIENTES!A:A,INCENTIVO!A37,CLIENTES!O:O) -> 6 | H37: =IFERROR(G37/F37,0) -> 0.375 | I37: 17 | J37: =SUMIF(CLIENTES!A:A,INCENTIVO!A37,CLIENTES!P:P) -> 3 | K37: =IFERROR(J37/I37,0) -> 0.17647059 | L37: 17 | M37: =SUMIF(CLIENTES!A:A,INCENTIVO!A37,CLIENTES!Q:Q) -> 0 | N37: =IFERROR(M37/L37,0) -> 0 | O37: 13 | P37: =SUMIF(CLIENTES!A:A,INCENTIVO!A37,CLIENTES!R:R) -> 0 | Q37: =IFERROR(P37/O37,0) -> 0 | R37: 24 | S37: =SUMIF(CLIENTES!A:A,INCENTIVO!A37,CLIENTES!S:S) -> 6 | T37: =IFERROR(S37/R37,0) -> 0.25 | U37: 18 | V37: =SUMIF(CLIENTES!A:A,INCENTIVO!A37,CLIENTES!T:T) -> 0 | W37: =IFERROR(V37/U37,0) -> 0 | X37: 2800000 | Y37: =SUMIF('Bajada $$'!C:C,INCENTIVO!A37,'Bajada $$'!L:L) -> 245524.04 | Z37: =IFERROR(Y37/X37,0) -> 0.087687157 | AA37: 13 | AB37: =SUMIF(CLIENTES!A:A,INCENTIVO!A37,CLIENTES!U:U) -> 3 | AC37: =IFERROR(AB37/AA37,0) -> 0.23076923
A38: 375 | B38: RUIZ JULIANA | C38: 14 | D38: =SUMIF(CLIENTES!A:A,INCENTIVO!A38,CLIENTES!N:N) -> 2 | E38: =IFERROR(D38/C38,0) -> 0.14285714 | F38: 15 | G38: =SUMIF(CLIENTES!A:A,INCENTIVO!A38,CLIENTES!O:O) -> 12 | H38: =IFERROR(G38/F38,0) -> 0.8 | I38: 16 | J38: =SUMIF(CLIENTES!A:A,INCENTIVO!A38,CLIENTES!P:P) -> 5 | K38: =IFERROR(J38/I38,0) -> 0.3125 | L38: 16 | M38: =SUMIF(CLIENTES!A:A,INCENTIVO!A38,CLIENTES!Q:Q) -> 2 | N38: =IFERROR(M38/L38,0) -> 0.125 | O38: 13 | P38: =SUMIF(CLIENTES!A:A,INCENTIVO!A38,CLIENTES!R:R) -> 1 | Q38: =IFERROR(P38/O38,0) -> 0.076923077 | R38: 23 | S38: =SUMIF(CLIENTES!A:A,INCENTIVO!A38,CLIENTES!S:S) -> 8 | T38: =IFERROR(S38/R38,0) -> 0.34782609 | U38: 17 | V38: =SUMIF(CLIENTES!A:A,INCENTIVO!A38,CLIENTES!T:T) -> 7 | W38: =IFERROR(V38/U38,0) -> 0.41176471 | X38: 6600000 | Y38: =SUMIF('Bajada $$'!C:C,INCENTIVO!A38,'Bajada $$'!L:L) -> 449098.08 | Z38: =IFERROR(Y38/X38,0) -> 0.068045164 | AA38: 13 | AB38: =SUMIF(CLIENTES!A:A,INCENTIVO!A38,CLIENTES!U:U) -> 3 | AC38: =IFERROR(AB38/AA38,0) -> 0.23076923
A39: 361 | B39: VALENZUELA ALAN | C39: 13 | D39: =SUMIF(CLIENTES!A:A,INCENTIVO!A39,CLIENTES!N:N) -> 0 | E39: =IFERROR(D39/C39,0) -> 0 | F39: 13 | G39: =SUMIF(CLIENTES!A:A,INCENTIVO!A39,CLIENTES!O:O) -> 8 | H39: =IFERROR(G39/F39,0) -> 0.61538462 | I39: 14 | J39: =SUMIF(CLIENTES!A:A,INCENTIVO!A39,CLIENTES!P:P) -> 2 | K39: =IFERROR(J39/I39,0) -> 0.14285714 | L39: 14 | M39: =SUMIF(CLIENTES!A:A,INCENTIVO!A39,CLIENTES!Q:Q) -> 0 | N39: =IFERROR(M39/L39,0) -> 0 | O39: 11 | P39: =SUMIF(CLIENTES!A:A,INCENTIVO!A39,CLIENTES!R:R) -> 0 | Q39: =IFERROR(P39/O39,0) -> 0 | R39: 20 | S39: =SUMIF(CLIENTES!A:A,INCENTIVO!A39,CLIENTES!S:S) -> 3 | T39: =IFERROR(S39/R39,0) -> 0.15 | U39: 15 | V39: =SUMIF(CLIENTES!A:A,INCENTIVO!A39,CLIENTES!T:T) -> 2 | W39: =IFERROR(V39/U39,0) -> 0.13333333 | X39: 3400000 | Y39: =SUMIF('Bajada $$'!C:C,INCENTIVO!A39,'Bajada $$'!L:L) -> 529727.04 | Z39: =IFERROR(Y39/X39,0) -> 0.15580207 | AA39: 11 | AB39: =SUMIF(CLIENTES!A:A,INCENTIVO!A39,CLIENTES!U:U) -> 2 | AC39: =IFERROR(AB39/AA39,0) -> 0.18181818
A40: 370 | B40: SEISDEDOS TAMARA | C40: 11 | D40: =SUMIF(CLIENTES!A:A,INCENTIVO!A40,CLIENTES!N:N) -> 4 | E40: =IFERROR(D40/C40,0) -> 0.36363636 | F40: 12 | G40: =SUMIF(CLIENTES!A:A,INCENTIVO!A40,CLIENTES!O:O) -> 13 | H40: =IFERROR(G40/F40,0) -> 1.0833333 | I40: 13 | J40: =SUMIF(CLIENTES!A:A,INCENTIVO!A40,CLIENTES!P:P) -> 4 | K40: =IFERROR(J40/I40,0) -> 0.30769231 | L40: 13 | M40: =SUMIF(CLIENTES!A:A,INCENTIVO!A40,CLIENTES!Q:Q) -> 1 | N40: =IFERROR(M40/L40,0) -> 0.076923077 | O40: 10 | P40: =SUMIF(CLIENTES!A:A,INCENTIVO!A40,CLIENTES!R:R) -> 0 | Q40: =IFERROR(P40/O40,0) -> 0 | R40: 18 | S40: =SUMIF(CLIENTES!A:A,INCENTIVO!A40,CLIENTES!S:S) -> 7 | T40: =IFERROR(S40/R40,0) -> 0.38888889 | U40: 13 | V40: =SUMIF(CLIENTES!A:A,INCENTIVO!A40,CLIENTES!T:T) -> 3 | W40: =IFERROR(V40/U40,0) -> 0.23076923 | X40: 2800000 | Y40: =SUMIF('Bajada $$'!C:C,INCENTIVO!A40,'Bajada $$'!L:L) -> 829160.12 | Z40: =IFERROR(Y40/X40,0) -> 0.29612861 | AA40: 10 | AB40: =SUMIF(CLIENTES!A:A,INCENTIVO!A40,CLIENTES!U:U) -> 2 | AC40: =IFERROR(AB40/AA40,0) -> 0.2
A41: 352 | B41: REINOSO ERIKA | C41: 15 | D41: =SUMIF(CLIENTES!A:A,INCENTIVO!A41,CLIENTES!N:N) -> 1 | E41: =IFERROR(D41/C41,0) -> 0.066666667 | F41: 16 | G41: =SUMIF(CLIENTES!A:A,INCENTIVO!A41,CLIENTES!O:O) -> 2 | H41: =IFERROR(G41/F41,0) -> 0.125 | I41: 17 | J41: =SUMIF(CLIENTES!A:A,INCENTIVO!A41,CLIENTES!P:P) -> 0 | K41: =IFERROR(J41/I41,0) -> 0 | L41: 17 | M41: =SUMIF(CLIENTES!A:A,INCENTIVO!A41,CLIENTES!Q:Q) -> 0 | N41: =IFERROR(M41/L41,0) -> 0 | O41: 13 | P41: =SUMIF(CLIENTES!A:A,INCENTIVO!A41,CLIENTES!R:R) -> 1 | Q41: =IFERROR(P41/O41,0) -> 0.076923077 | R41: 24 | S41: =SUMIF(CLIENTES!A:A,INCENTIVO!A41,CLIENTES!S:S) -> 2 | T41: =IFERROR(S41/R41,0) -> 0.083333333 | U41: 18 | V41: =SUMIF(CLIENTES!A:A,INCENTIVO!A41,CLIENTES!T:T) -> 1 | W41: =IFERROR(V41/U41,0) -> 0.055555556 | X41: 3400000 | Y41: =SUMIF('Bajada $$'!C:C,INCENTIVO!A41,'Bajada $$'!L:L) -> 1202303.6 | Z41: =IFERROR(Y41/X41,0) -> 0.35361871 | AA41: 13 | AB41: =SUMIF(CLIENTES!A:A,INCENTIVO!A41,CLIENTES!U:U) -> 2 | AC41: =IFERROR(AB41/AA41,0) -> 0.15384615
A42: 340 | B42: VASQUEZ ROSANA | C42: 16 | D42: =SUMIF(CLIENTES!A:A,INCENTIVO!A42,CLIENTES!N:N) -> 4 | E42: =IFERROR(D42/C42,0) -> 0.25 | F42: 18 | G42: =SUMIF(CLIENTES!A:A,INCENTIVO!A42,CLIENTES!O:O) -> 8 | H42: =IFERROR(G42/F42,0) -> 0.44444444 | I42: 19 | J42: =SUMIF(CLIENTES!A:A,INCENTIVO!A42,CLIENTES!P:P) -> 3 | K42: =IFERROR(J42/I42,0) -> 0.15789474 | L42: 19 | M42: =SUMIF(CLIENTES!A:A,INCENTIVO!A42,CLIENTES!Q:Q) -> 0 | N42: =IFERROR(M42/L42,0) -> 0 | O42: 14 | P42: =SUMIF(CLIENTES!A:A,INCENTIVO!A42,CLIENTES!R:R) -> 0 | Q42: =IFERROR(P42/O42,0) -> 0 | R42: 26 | S42: =SUMIF(CLIENTES!A:A,INCENTIVO!A42,CLIENTES!S:S) -> 3 | T42: =IFERROR(S42/R42,0) -> 0.11538462 | U42: 20 | V42: =SUMIF(CLIENTES!A:A,INCENTIVO!A42,CLIENTES!T:T) -> 0 | W42: =IFERROR(V42/U42,0) -> 0 | X42: 3400000 | Y42: =SUMIF('Bajada $$'!C:C,INCENTIVO!A42,'Bajada $$'!L:L) -> 342814.72 | Z42: =IFERROR(Y42/X42,0) -> 0.10082786 | AA42: 14 | AB42: =SUMIF(CLIENTES!A:A,INCENTIVO!A42,CLIENTES!U:U) -> 9 | AC42: =IFERROR(AB42/AA42,0) -> 0.64285714
A43: Zona 360 | B43: Angel Cardozo | C43: =SUM(C33:C42) -> 140 | D43: =SUM(D33:D42) -> 33 | E43: =IFERROR(D43/C43,0) -> 0.23571429 | F43: =SUM(F33:F42) -> 150 | G43: =SUM(G33:G42) -> 83 | H43: =IFERROR(G43/F43,0) -> 0.55333333 | I43: =SUM(I33:I42) -> 160 | J43: =SUM(J33:J42) -> 43 | K43: =IFERROR(J43/I43,0) -> 0.26875 | L43: =SUM(L33:L42) -> 160 | M43: =SUM(M33:M42) -> 7 | N43: =IFERROR(M43/L43,0) -> 0.04375 | O43: =SUM(O33:O42) -> 123 | P43: =SUM(P33:P42) -> 4 | Q43: =IFERROR(P43/O43,0) -> 0.032520325 | R43: =SUM(R33:R42) -> 224 | S43: =SUM(S33:S42) -> 79 | T43: =IFERROR(S43/R43,0) -> 0.35267857 | U43: =SUM(U33:U42) -> 169 | V43: =SUM(V33:V42) -> 35 | W43: =IFERROR(V43/U43,0) -> 0.20710059 | X43: =SUM(X33:X42) -> 38200000 | Y43: =SUM(Y33:Y42) -> 6291228.5 | Z43: =IFERROR(Y43/X43,0) -> 0.16469185 | AA43: =SUM(AA33:AA42) -> 123 | AB43: =SUM(AB33:AB42) -> 34 | AC43: =IFERROR(AB43/AA43,0) -> 0.27642276
A44: NORTE | B44: Gerardo Giurbino | C44: =C43+C32+C21+C11 -> 510 | D44: =D43+D32+D21+D11 -> 120 | E44: =IFERROR(D44/C44,0) -> 0.23529412 | F44: =F43+F32+F21+F11 -> 542 | G44: =G43+G32+G21+G11 -> 283 | H44: =IFERROR(G44/F44,0) -> 0.52214022 | I44: =I43+I32+I21+I11 -> 576 | J44: =J43+J32+J21+J11 -> 149 | K44: =IFERROR(J44/I44,0) -> 0.25868056 | L44: =L43+L32+L21+L11 -> 576 | M44: =M43+M32+M21+M11 -> 48 | N44: =IFERROR(M44/L44,0) -> 0.083333333 | O44: =O43+O32+O21+O11 -> 444 | P44: =P43+P32+P21+P11 -> 30 | Q44: =IFERROR(P44/O44,0) -> 0.067567568 | R44: =R43+R32+R21+R11 -> 813 | S44: =S43+S32+S21+S11 -> 269 | T44: =IFERROR(S44/R44,0) -> 0.33087331 | U44: =U43+U32+U21+U11 -> 609 | V44: =V43+V32+V21+V11 -> 105 | W44: =IFERROR(V44/U44,0) -> 0.17241379 | X44: =X43+X32+X21+X11 -> 162300000 | Y44: =Y43+Y32+Y21+Y11 -> 38353864 | Z44: =IFERROR(Y44/X44,0) -> 0.23631463 | AA44: =AA43+AA32+AA21+AA11 -> 444 | AB44: =AB43+AB32+AB21+AB11 -> 91 | AC44: =IFERROR(AB44/AA44,0) -> 0.20495495
A45: 807 | B45: ALMARAZ BRUNO | C45: 13 | D45: =SUMIF(CLIENTES!A:A,INCENTIVO!A45,CLIENTES!N:N) -> 1 | E45: =IFERROR(D45/C45,0) -> 0.076923077 | F45: 14 | G45: =SUMIF(CLIENTES!A:A,INCENTIVO!A45,CLIENTES!O:O) -> 2 | H45: =IFERROR(G45/F45,0) -> 0.14285714 | I45: 15 | J45: =SUMIF(CLIENTES!A:A,INCENTIVO!A45,CLIENTES!P:P) -> 1 | K45: =IFERROR(J45/I45,0) -> 0.066666667 | L45: 15 | M45: =SUMIF(CLIENTES!A:A,INCENTIVO!A45,CLIENTES!Q:Q) -> 0 | N45: =IFERROR(M45/L45,0) -> 0 | O45: 11 | P45: =SUMIF(CLIENTES!A:A,INCENTIVO!A45,CLIENTES!R:R) -> 0 | Q45: =IFERROR(P45/O45,0) -> 0 | R45: 21 | S45: =SUMIF(CLIENTES!A:A,INCENTIVO!A45,CLIENTES!S:S) -> 0 | T45: =IFERROR(S45/R45,0) -> 0 | U45: 15 | V45: =SUMIF(CLIENTES!A:A,INCENTIVO!A45,CLIENTES!T:T) -> 0 | W45: =IFERROR(V45/U45,0) -> 0 | X45: 2800000 | Y45: =SUMIF('Bajada $$'!C:C,INCENTIVO!A45,'Bajada $$'!L:L) -> 356689.8 | Z45: =IFERROR(Y45/X45,0) -> 0.12738921 | AA45: 11 | AB45: =SUMIF(CLIENTES!A:A,INCENTIVO!A45,CLIENTES!U:U) -> 2 | AC45: =IFERROR(AB45/AA45,0) -> 0.18181818
A46: 801 | B46: STOCKER OSCAR* | C46: 13 | D46: =SUMIF(CLIENTES!A:A,INCENTIVO!A46,CLIENTES!N:N) -> 0 | E46: =IFERROR(D46/C46,0) -> 0 | F46: 14 | G46: =SUMIF(CLIENTES!A:A,INCENTIVO!A46,CLIENTES!O:O) -> 0 | H46: =IFERROR(G46/F46,0) -> 0 | I46: 15 | J46: =SUMIF(CLIENTES!A:A,INCENTIVO!A46,CLIENTES!P:P) -> 1 | K46: =IFERROR(J46/I46,0) -> 0.066666667 | L46: 15 | M46: =SUMIF(CLIENTES!A:A,INCENTIVO!A46,CLIENTES!Q:Q) -> 0 | N46: =IFERROR(M46/L46,0) -> 0 | O46: 11 | P46: =SUMIF(CLIENTES!A:A,INCENTIVO!A46,CLIENTES!R:R) -> 0 | Q46: =IFERROR(P46/O46,0) -> 0 | R46: 21 | S46: =SUMIF(CLIENTES!A:A,INCENTIVO!A46,CLIENTES!S:S) -> 2 | T46: =IFERROR(S46/R46,0) -> 0.095238095 | U46: 15 | V46: =SUMIF(CLIENTES!A:A,INCENTIVO!A46,CLIENTES!T:T) -> 1 | W46: =IFERROR(V46/U46,0) -> 0.066666667 | X46: 3500000 | Y46: =SUMIF('Bajada $$'!C:C,INCENTIVO!A46,'Bajada $$'!L:L) -> 487002.36 | Z46: =IFERROR(Y46/X46,0) -> 0.13914353 | AA46: 11 | AB46: =SUMIF(CLIENTES!A:A,INCENTIVO!A46,CLIENTES!U:U) -> 3 | AC46: =IFERROR(AB46/AA46,0) -> 0.27272727
A47: 802 | B47: GIUSSO MAXIMILIANO* | C47: 14 | D47: =SUMIF(CLIENTES!A:A,INCENTIVO!A47,CLIENTES!N:N) -> 1 | E47: =IFERROR(D47/C47,0) -> 0.071428571 | F47: 14 | G47: =SUMIF(CLIENTES!A:A,INCENTIVO!A47,CLIENTES!O:O) -> 5 | H47: =IFERROR(G47/F47,0) -> 0.35714286 | I47: 15 | J47: =SUMIF(CLIENTES!A:A,INCENTIVO!A47,CLIENTES!P:P) -> 6 | K47: =IFERROR(J47/I47,0) -> 0.4 | L47: 15 | M47: =SUMIF(CLIENTES!A:A,INCENTIVO!A47,CLIENTES!Q:Q) -> 0 | N47: =IFERROR(M47/L47,0) -> 0 | O47: 12 | P47: =SUMIF(CLIENTES!A:A,INCENTIVO!A47,CLIENTES!R:R) -> 2 | Q47: =IFERROR(P47/O47,0) -> 0.16666667 | R47: 22 | S47: =SUMIF(CLIENTES!A:A,INCENTIVO!A47,CLIENTES!S:S) -> 3 | T47: =IFERROR(S47/R47,0) -> 0.13636364 | U47: 16 | V47: =SUMIF(CLIENTES!A:A,INCENTIVO!A47,CLIENTES!T:T) -> 1 | W47: =IFERROR(V47/U47,0) -> 0.0625 | X47: 5000000 | Y47: =SUMIF('Bajada $$'!C:C,INCENTIVO!A47,'Bajada $$'!L:L) -> 812017.76 | Z47: =IFERROR(Y47/X47,0) -> 0.16240355 | AA47: 12 | AB47: =SUMIF(CLIENTES!A:A,INCENTIVO!A47,CLIENTES!U:U) -> 0 | AC47: =IFERROR(AB47/AA47,0) -> 0
A48: 803 | B48: ORIFE RODOLFO* | C48: 11 | D48: =SUMIF(CLIENTES!A:A,INCENTIVO!A48,CLIENTES!N:N) -> 9 | E48: =IFERROR(D48/C48,0) -> 0.81818182 | F48: 12 | G48: =SUMIF(CLIENTES!A:A,INCENTIVO!A48,CLIENTES!O:O) -> 4 | H48: =IFERROR(G48/F48,0) -> 0.33333333 | I48: 13 | J48: =SUMIF(CLIENTES!A:A,INCENTIVO!A48,CLIENTES!P:P) -> 4 | K48: =IFERROR(J48/I48,0) -> 0.30769231 | L48: 13 | M48: =SUMIF(CLIENTES!A:A,INCENTIVO!A48,CLIENTES!Q:Q) -> 2 | N48: =IFERROR(M48/L48,0) -> 0.15384615 | O48: 10 | P48: =SUMIF(CLIENTES!A:A,INCENTIVO!A48,CLIENTES!R:R) -> 3 | Q48: =IFERROR(P48/O48,0) -> 0.3 | R48: 18 | S48: =SUMIF(CLIENTES!A:A,INCENTIVO!A48,CLIENTES!S:S) -> 4 | T48: =IFERROR(S48/R48,0) -> 0.22222222 | U48: 14 | V48: =SUMIF(CLIENTES!A:A,INCENTIVO!A48,CLIENTES!T:T) -> 1 | W48: =IFERROR(V48/U48,0) -> 0.071428571 | X48: 2800000 | Y48: =SUMIF('Bajada $$'!C:C,INCENTIVO!A48,'Bajada $$'!L:L) -> 180429.65 | Z48: =IFERROR(Y48/X48,0) -> 0.06443916 | AA48: 10 | AB48: =SUMIF(CLIENTES!A:A,INCENTIVO!A48,CLIENTES!U:U) -> 3 | AC48: =IFERROR(AB48/AA48,0) -> 0.3
A49: 804 | B49: BINELLI JUAN* | C49: 13 | D49: =SUMIF(CLIENTES!A:A,INCENTIVO!A49,CLIENTES!N:N) -> 2 | E49: =IFERROR(D49/C49,0) -> 0.15384615 | F49: 14 | G49: =SUMIF(CLIENTES!A:A,INCENTIVO!A49,CLIENTES!O:O) -> 6 | H49: =IFERROR(G49/F49,0) -> 0.42857143 | I49: 15 | J49: =SUMIF(CLIENTES!A:A,INCENTIVO!A49,CLIENTES!P:P) -> 2 | K49: =IFERROR(J49/I49,0) -> 0.13333333 | L49: 15 | M49: =SUMIF(CLIENTES!A:A,INCENTIVO!A49,CLIENTES!Q:Q) -> 1 | N49: =IFERROR(M49/L49,0) -> 0.066666667 | O49: 11 | P49: =SUMIF(CLIENTES!A:A,INCENTIVO!A49,CLIENTES!R:R) -> 1 | Q49: =IFERROR(P49/O49,0) -> 0.090909091 | R49: 21 | S49: =SUMIF(CLIENTES!A:A,INCENTIVO!A49,CLIENTES!S:S) -> 6 | T49: =IFERROR(S49/R49,0) -> 0.28571429 | U49: 15 | V49: =SUMIF(CLIENTES!A:A,INCENTIVO!A49,CLIENTES!T:T) -> 0 | W49: =IFERROR(V49/U49,0) -> 0 | X49: 4600000 | Y49: =SUMIF('Bajada $$'!C:C,INCENTIVO!A49,'Bajada $$'!L:L) -> 256929.66 | Z49: =IFERROR(Y49/X49,0) -> 0.055854274 | AA49: 11 | AB49: =SUMIF(CLIENTES!A:A,INCENTIVO!A49,CLIENTES!U:U) -> 1 | AC49: =IFERROR(AB49/AA49,0) -> 0.090909091
A50: 805 | B50: LUNA EZEQUIEL* | C50: 13 | D50: =SUMIF(CLIENTES!A:A,INCENTIVO!A50,CLIENTES!N:N) -> 3 | E50: =IFERROR(D50/C50,0) -> 0.23076923 | F50: 14 | G50: =SUMIF(CLIENTES!A:A,INCENTIVO!A50,CLIENTES!O:O) -> 0 | H50: =IFERROR(G50/F50,0) -> 0 | I50: 15 | J50: =SUMIF(CLIENTES!A:A,INCENTIVO!A50,CLIENTES!P:P) -> 2 | K50: =IFERROR(J50/I50,0) -> 0.13333333 | L50: 15 | M50: =SUMIF(CLIENTES!A:A,INCENTIVO!A50,CLIENTES!Q:Q) -> 0 | N50: =IFERROR(M50/L50,0) -> 0 | O50: 11 | P50: =SUMIF(CLIENTES!A:A,INCENTIVO!A50,CLIENTES!R:R) -> 0 | Q50: =IFERROR(P50/O50,0) -> 0 | R50: 21 | S50: =SUMIF(CLIENTES!A:A,INCENTIVO!A50,CLIENTES!S:S) -> 2 | T50: =IFERROR(S50/R50,0) -> 0.095238095 | U50: 15 | V50: =SUMIF(CLIENTES!A:A,INCENTIVO!A50,CLIENTES!T:T) -> 0 | W50: =IFERROR(V50/U50,0) -> 0 | X50: 2800000 | Y50: =SUMIF('Bajada $$'!C:C,INCENTIVO!A50,'Bajada $$'!L:L) -> 104976.18 | Z50: =IFERROR(Y50/X50,0) -> 0.037491493 | AA50: 11 | AB50: =SUMIF(CLIENTES!A:A,INCENTIVO!A50,CLIENTES!U:U) -> 0 | AC50: =IFERROR(AB50/AA50,0) -> 0
A51: 806 | B51: GUZMAN MARIO* | C51: 14 | D51: =SUMIF(CLIENTES!A:A,INCENTIVO!A51,CLIENTES!N:N) -> 1 | E51: =IFERROR(D51/C51,0) -> 0.071428571 | F51: 14 | G51: =SUMIF(CLIENTES!A:A,INCENTIVO!A51,CLIENTES!O:O) -> 13 | H51: =IFERROR(G51/F51,0) -> 0.92857143 | I51: 15 | J51: =SUMIF(CLIENTES!A:A,INCENTIVO!A51,CLIENTES!P:P) -> 4 | K51: =IFERROR(J51/I51,0) -> 0.26666667 | L51: 15 | M51: =SUMIF(CLIENTES!A:A,INCENTIVO!A51,CLIENTES!Q:Q) -> 2 | N51: =IFERROR(M51/L51,0) -> 0.13333333 | O51: 12 | P51: =SUMIF(CLIENTES!A:A,INCENTIVO!A51,CLIENTES!R:R) -> 2 | Q51: =IFERROR(P51/O51,0) -> 0.16666667 | R51: 22 | S51: =SUMIF(CLIENTES!A:A,INCENTIVO!A51,CLIENTES!S:S) -> 6 | T51: =IFERROR(S51/R51,0) -> 0.27272727 | U51: 16 | V51: =SUMIF(CLIENTES!A:A,INCENTIVO!A51,CLIENTES!T:T) -> 1 | W51: =IFERROR(V51/U51,0) -> 0.0625 | X51: 6800000 | Y51: =SUMIF('Bajada $$'!C:C,INCENTIVO!A51,'Bajada $$'!L:L) -> 79304.58 | Z51: =IFERROR(Y51/X51,0) -> 0.011662438 | AA51: 12 | AB51: =SUMIF(CLIENTES!A:A,INCENTIVO!A51,CLIENTES!U:U) -> 6 | AC51: =IFERROR(AB51/AA51,0) -> 0.5
A52: 810 | B52: CASCO SEBASTIAN* | C52: 13 | D52: =SUMIF(CLIENTES!A:A,INCENTIVO!A52,CLIENTES!N:N) -> 0 | E52: =IFERROR(D52/C52,0) -> 0 | F52: 13 | G52: =SUMIF(CLIENTES!A:A,INCENTIVO!A52,CLIENTES!O:O) -> 10 | H52: =IFERROR(G52/F52,0) -> 0.76923077 | I52: 14 | J52: =SUMIF(CLIENTES!A:A,INCENTIVO!A52,CLIENTES!P:P) -> 4 | K52: =IFERROR(J52/I52,0) -> 0.28571429 | L52: 14 | M52: =SUMIF(CLIENTES!A:A,INCENTIVO!A52,CLIENTES!Q:Q) -> 2 | N52: =IFERROR(M52/L52,0) -> 0.14285714 | O52: 11 | P52: =SUMIF(CLIENTES!A:A,INCENTIVO!A52,CLIENTES!R:R) -> 1 | Q52: =IFERROR(P52/O52,0) -> 0.090909091 | R52: 20 | S52: =SUMIF(CLIENTES!A:A,INCENTIVO!A52,CLIENTES!S:S) -> 8 | T52: =IFERROR(S52/R52,0) -> 0.4 | U52: 15 | V52: =SUMIF(CLIENTES!A:A,INCENTIVO!A52,CLIENTES!T:T) -> 0 | W52: =IFERROR(V52/U52,0) -> 0 | X52: 3300000 | Y52: =SUMIF('Bajada $$'!C:C,INCENTIVO!A52,'Bajada $$'!L:L) -> 116887.02 | Z52: =IFERROR(Y52/X52,0) -> 0.035420309 | AA52: 11 | AB52: =SUMIF(CLIENTES!A:A,INCENTIVO!A52,CLIENTES!U:U) -> 4 | AC52: =IFERROR(AB52/AA52,0) -> 0.36363636
A53: Zona 400 | B53: Matias Benitez | C53: =SUM(C45:C52) -> 104 | D53: =SUM(D45:D52) -> 17 | E53: =IFERROR(D53/C53,0) -> 0.16346154 | F53: =SUM(F45:F52) -> 109 | G53: =SUM(G45:G52) -> 40 | H53: =IFERROR(G53/F53,0) -> 0.36697248 | I53: =SUM(I45:I52) -> 117 | J53: =SUM(J45:J52) -> 24 | K53: =IFERROR(J53/I53,0) -> 0.20512821 | L53: =SUM(L45:L52) -> 117 | M53: =SUM(M45:M52) -> 7 | N53: =IFERROR(M53/L53,0) -> 0.05982906 | O53: =SUM(O45:O52) -> 89 | P53: =SUM(P45:P52) -> 9 | Q53: =IFERROR(P53/O53,0) -> 0.1011236 | R53: =SUM(R45:R52) -> 166 | S53: =SUM(S45:S52) -> 31 | T53: =IFERROR(S53/R53,0) -> 0.18674699 | U53: =SUM(U45:U52) -> 121 | V53: =SUM(V45:V52) -> 4 | W53: =IFERROR(V53/U53,0) -> 0.033057851 | X53: =SUM(X45:X52) -> 31600000 | Y53: =SUM(Y45:Y52) -> 2394237 | Z53: =IFERROR(Y53/X53,0) -> 0.075766994 | AA53: =SUM(AA45:AA52) -> 89 | AB53: =SUM(AB45:AB52) -> 19 | AC53: =IFERROR(AB53/AA53,0) -> 0.21348315
A54: 247 | B54: PUGLIA AUGUSTO* | C54: 11 | D54: =SUMIF(CLIENTES!A:A,INCENTIVO!A54,CLIENTES!N:N) -> 1 | E54: =IFERROR(D54/C54,0) -> 0.090909091 | F54: 12 | G54: =SUMIF(CLIENTES!A:A,INCENTIVO!A54,CLIENTES!O:O) -> 2 | H54: =IFERROR(G54/F54,0) -> 0.16666667 | I54: 13 | J54: =SUMIF(CLIENTES!A:A,INCENTIVO!A54,CLIENTES!P:P) -> 2 | K54: =IFERROR(J54/I54,0) -> 0.15384615 | L54: 13 | M54: =SUMIF(CLIENTES!A:A,INCENTIVO!A54,CLIENTES!Q:Q) -> 0 | N54: =IFERROR(M54/L54,0) -> 0 | O54: 10 | P54: =SUMIF(CLIENTES!A:A,INCENTIVO!A54,CLIENTES!R:R) -> 0 | Q54: =IFERROR(P54/O54,0) -> 0 | R54: 18 | S54: =SUMIF(CLIENTES!A:A,INCENTIVO!A54,CLIENTES!S:S) -> 9 | T54: =IFERROR(S54/R54,0) -> 0.5 | U54: 13 | V54: =SUMIF(CLIENTES!A:A,INCENTIVO!A54,CLIENTES!T:T) -> 0 | W54: =IFERROR(V54/U54,0) -> 0 | X54: 3400000 | Y54: =SUMIF('Bajada $$'!C:C,INCENTIVO!A54,'Bajada $$'!L:L) -> 233305.8 | Z54: =IFERROR(Y54/X54,0) -> 0.068619353 | AA54: 10 | AB54: =SUMIF(CLIENTES!A:A,INCENTIVO!A54,CLIENTES!U:U) -> 3 | AC54: =IFERROR(AB54/AA54,0) -> 0.3
A55: 393 | B55: DRYNDAK DAVID* | C55: 14 | D55: =SUMIF(CLIENTES!A:A,INCENTIVO!A55,CLIENTES!N:N) -> 2 | E55: =IFERROR(D55/C55,0) -> 0.14285714 | F55: 15 | G55: =SUMIF(CLIENTES!A:A,INCENTIVO!A55,CLIENTES!O:O) -> 1 | H55: =IFERROR(G55/F55,0) -> 0.066666667 | I55: 16 | J55: =SUMIF(CLIENTES!A:A,INCENTIVO!A55,CLIENTES!P:P) -> 1 | K55: =IFERROR(J55/I55,0) -> 0.0625 | L55: 16 | M55: =SUMIF(CLIENTES!A:A,INCENTIVO!A55,CLIENTES!Q:Q) -> 0 | N55: =IFERROR(M55/L55,0) -> 0 | O55: 12 | P55: =SUMIF(CLIENTES!A:A,INCENTIVO!A55,CLIENTES!R:R) -> 1 | Q55: =IFERROR(P55/O55,0) -> 0.083333333 | R55: 22 | S55: =SUMIF(CLIENTES!A:A,INCENTIVO!A55,CLIENTES!S:S) -> 5 | T55: =IFERROR(S55/R55,0) -> 0.22727273 | U55: 17 | V55: =SUMIF(CLIENTES!A:A,INCENTIVO!A55,CLIENTES!T:T) -> 5 | W55: =IFERROR(V55/U55,0) -> 0.29411765 | X55: 5700000 | Y55: =SUMIF('Bajada $$'!C:C,INCENTIVO!A55,'Bajada $$'!L:L) -> 1606364.1 | Z55: =IFERROR(Y55/X55,0) -> 0.28181827 | AA55: 12 | AB55: =SUMIF(CLIENTES!A:A,INCENTIVO!A55,CLIENTES!U:U) -> 5 | AC55: =IFERROR(AB55/AA55,0) -> 0.41666667
A56: 241 | B56: SOLER ALBERTO* | C56: 15 | D56: =SUMIF(CLIENTES!A:A,INCENTIVO!A56,CLIENTES!N:N) -> 4 | E56: =IFERROR(D56/C56,0) -> 0.26666667 | F56: 16 | G56: =SUMIF(CLIENTES!A:A,INCENTIVO!A56,CLIENTES!O:O) -> 2 | H56: =IFERROR(G56/F56,0) -> 0.125 | I56: 17 | J56: =SUMIF(CLIENTES!A:A,INCENTIVO!A56,CLIENTES!P:P) -> 2 | K56: =IFERROR(J56/I56,0) -> 0.11764706 | L56: 17 | M56: =SUMIF(CLIENTES!A:A,INCENTIVO!A56,CLIENTES!Q:Q) -> 0 | N56: =IFERROR(M56/L56,0) -> 0 | O56: 13 | P56: =SUMIF(CLIENTES!A:A,INCENTIVO!A56,CLIENTES!R:R) -> 0 | Q56: =IFERROR(P56/O56,0) -> 0 | R56: 23 | S56: =SUMIF(CLIENTES!A:A,INCENTIVO!A56,CLIENTES!S:S) -> 4 | T56: =IFERROR(S56/R56,0) -> 0.17391304 | U56: 18 | V56: =SUMIF(CLIENTES!A:A,INCENTIVO!A56,CLIENTES!T:T) -> 4 | W56: =IFERROR(V56/U56,0) -> 0.22222222 | X56: 2800000 | Y56: =SUMIF('Bajada $$'!C:C,INCENTIVO!A56,'Bajada $$'!L:L) -> 224023.18 | Z56: =IFERROR(Y56/X56,0) -> 0.080008277 | AA56: 13 | AB56: =SUMIF(CLIENTES!A:A,INCENTIVO!A56,CLIENTES!U:U) -> 5 | AC56: =IFERROR(AB56/AA56,0) -> 0.38461538
A57: 380 | B57: GANZA AXEL* | C57: 18 | D57: =SUMIF(CLIENTES!A:A,INCENTIVO!A57,CLIENTES!N:N) -> 2 | E57: =IFERROR(D57/C57,0) -> 0.11111111 | F57: 19 | G57: =SUMIF(CLIENTES!A:A,INCENTIVO!A57,CLIENTES!O:O) -> 10 | H57: =IFERROR(G57/F57,0) -> 0.52631579 | I57: 20 | J57: =SUMIF(CLIENTES!A:A,INCENTIVO!A57,CLIENTES!P:P) -> 3 | K57: =IFERROR(J57/I57,0) -> 0.15 | L57: 20 | M57: =SUMIF(CLIENTES!A:A,INCENTIVO!A57,CLIENTES!Q:Q) -> 2 | N57: =IFERROR(M57/L57,0) -> 0.1 | O57: 15 | P57: =SUMIF(CLIENTES!A:A,INCENTIVO!A57,CLIENTES!R:R) -> 1 | Q57: =IFERROR(P57/O57,0) -> 0.066666667 | R57: 28 | S57: =SUMIF(CLIENTES!A:A,INCENTIVO!A57,CLIENTES!S:S) -> 4 | T57: =IFERROR(S57/R57,0) -> 0.14285714 | U57: 21 | V57: =SUMIF(CLIENTES!A:A,INCENTIVO!A57,CLIENTES!T:T) -> 0 | W57: =IFERROR(V57/U57,0) -> 0 | X57: 6600000 | Y57: =SUMIF('Bajada $$'!C:C,INCENTIVO!A57,'Bajada $$'!L:L) -> 1431474.7 | Z57: =IFERROR(Y57/X57,0) -> 0.2168901 | AA57: 15 | AB57: =SUMIF(CLIENTES!A:A,INCENTIVO!A57,CLIENTES!U:U) -> 8 | AC57: =IFERROR(AB57/AA57,0) -> 0.53333333
A58: 202 | B58: ISASMENDI ANGEL* | C58: 13 | D58: =SUMIF(CLIENTES!A:A,INCENTIVO!A58,CLIENTES!N:N) -> 1 | E58: =IFERROR(D58/C58,0) -> 0.076923077 | F58: 14 | G58: =SUMIF(CLIENTES!A:A,INCENTIVO!A58,CLIENTES!O:O) -> 3 | H58: =IFERROR(G58/F58,0) -> 0.21428571 | I58: 15 | J58: =SUMIF(CLIENTES!A:A,INCENTIVO!A58,CLIENTES!P:P) -> 1 | K58: =IFERROR(J58/I58,0) -> 0.066666667 | L58: 15 | M58: =SUMIF(CLIENTES!A:A,INCENTIVO!A58,CLIENTES!Q:Q) -> 0 | N58: =IFERROR(M58/L58,0) -> 0 | O58: 11 | P58: =SUMIF(CLIENTES!A:A,INCENTIVO!A58,CLIENTES!R:R) -> 0 | Q58: =IFERROR(P58/O58,0) -> 0 | R58: 21 | S58: =SUMIF(CLIENTES!A:A,INCENTIVO!A58,CLIENTES!S:S) -> 8 | T58: =IFERROR(S58/R58,0) -> 0.38095238 | U58: 15 | V58: =SUMIF(CLIENTES!A:A,INCENTIVO!A58,CLIENTES!T:T) -> 5 | W58: =IFERROR(V58/U58,0) -> 0.33333333 | X58: 4000000 | Y58: =SUMIF('Bajada $$'!C:C,INCENTIVO!A58,'Bajada $$'!L:L) -> 125885.99 | Z58: =IFERROR(Y58/X58,0) -> 0.031471497 | AA58: 11 | AB58: =SUMIF(CLIENTES!A:A,INCENTIVO!A58,CLIENTES!U:U) -> 1 | AC58: =IFERROR(AB58/AA58,0) -> 0.090909091
A59: 386 | B59: CALVO FEDERICO* | C59: 14 | D59: =SUMIF(CLIENTES!A:A,INCENTIVO!A59,CLIENTES!N:N) -> 6 | E59: =IFERROR(D59/C59,0) -> 0.42857143 | F59: 15 | G59: =SUMIF(CLIENTES!A:A,INCENTIVO!A59,CLIENTES!O:O) -> 14 | H59: =IFERROR(G59/F59,0) -> 0.93333333 | I59: 16 | J59: =SUMIF(CLIENTES!A:A,INCENTIVO!A59,CLIENTES!P:P) -> 18 | K59: =IFERROR(J59/I59,0) -> 1.125 | L59: 16 | M59: =SUMIF(CLIENTES!A:A,INCENTIVO!A59,CLIENTES!Q:Q) -> 18 | N59: =IFERROR(M59/L59,0) -> 1.125 | O59: 12 | P59: =SUMIF(CLIENTES!A:A,INCENTIVO!A59,CLIENTES!R:R) -> 4 | Q59: =IFERROR(P59/O59,0) -> 0.33333333 | R59: 22 | S59: =SUMIF(CLIENTES!A:A,INCENTIVO!A59,CLIENTES!S:S) -> 13 | T59: =IFERROR(S59/R59,0) -> 0.59090909 | U59: 17 | V59: =SUMIF(CLIENTES!A:A,INCENTIVO!A59,CLIENTES!T:T) -> 5 | W59: =IFERROR(V59/U59,0) -> 0.29411765 | X59: 4600000 | Y59: =SUMIF('Bajada $$'!C:C,INCENTIVO!A59,'Bajada $$'!L:L) -> 894490.74 | Z59: =IFERROR(Y59/X59,0) -> 0.19445451 | AA59: 12 | AB59: =SUMIF(CLIENTES!A:A,INCENTIVO!A59,CLIENTES!U:U) -> 11 | AC59: =IFERROR(AB59/AA59,0) -> 0.91666667
A60: 235 | B60: RIAL OMAR* | C60: 17 | D60: =SUMIF(CLIENTES!A:A,INCENTIVO!A60,CLIENTES!N:N) -> 3 | E60: =IFERROR(D60/C60,0) -> 0.17647059 | F60: 18 | G60: =SUMIF(CLIENTES!A:A,INCENTIVO!A60,CLIENTES!O:O) -> 7 | H60: =IFERROR(G60/F60,0) -> 0.38888889 | I60: 19 | J60: =SUMIF(CLIENTES!A:A,INCENTIVO!A60,CLIENTES!P:P) -> 3 | K60: =IFERROR(J60/I60,0) -> 0.15789474 | L60: 19 | M60: =SUMIF(CLIENTES!A:A,INCENTIVO!A60,CLIENTES!Q:Q) -> 3 | N60: =IFERROR(M60/L60,0) -> 0.15789474 | O60: 15 | P60: =SUMIF(CLIENTES!A:A,INCENTIVO!A60,CLIENTES!R:R) -> 0 | Q60: =IFERROR(P60/O60,0) -> 0 | R60: 27 | S60: =SUMIF(CLIENTES!A:A,INCENTIVO!A60,CLIENTES!S:S) -> 3 | T60: =IFERROR(S60/R60,0) -> 0.11111111 | U60: 20 | V60: =SUMIF(CLIENTES!A:A,INCENTIVO!A60,CLIENTES!T:T) -> 5 | W60: =IFERROR(V60/U60,0) -> 0.25 | X60: 4200000 | Y60: =SUMIF('Bajada $$'!C:C,INCENTIVO!A60,'Bajada $$'!L:L) -> 407755.9 | Z60: =IFERROR(Y60/X60,0) -> 0.097084739 | AA60: 15 | AB60: =SUMIF(CLIENTES!A:A,INCENTIVO!A60,CLIENTES!U:U) -> 8 | AC60: =IFERROR(AB60/AA60,0) -> 0.53333333
A61: 210 | B61: GODOY LEONEL* | C61: 17 | D61: =SUMIF(CLIENTES!A:A,INCENTIVO!A61,CLIENTES!N:N) -> 2 | E61: =IFERROR(D61/C61,0) -> 0.11764706 | F61: 18 | G61: =SUMIF(CLIENTES!A:A,INCENTIVO!A61,CLIENTES!O:O) -> 8 | H61: =IFERROR(G61/F61,0) -> 0.44444444 | I61: 19 | J61: =SUMIF(CLIENTES!A:A,INCENTIVO!A61,CLIENTES!P:P) -> 8 | K61: =IFERROR(J61/I61,0) -> 0.42105263 | L61: 19 | M61: =SUMIF(CLIENTES!A:A,INCENTIVO!A61,CLIENTES!Q:Q) -> 4 | N61: =IFERROR(M61/L61,0) -> 0.21052632 | O61: 15 | P61: =SUMIF(CLIENTES!A:A,INCENTIVO!A61,CLIENTES!R:R) -> 4 | Q61: =IFERROR(P61/O61,0) -> 0.26666667 | R61: 27 | S61: =SUMIF(CLIENTES!A:A,INCENTIVO!A61,CLIENTES!S:S) -> 15 | T61: =IFERROR(S61/R61,0) -> 0.55555556 | U61: 20 | V61: =SUMIF(CLIENTES!A:A,INCENTIVO!A61,CLIENTES!T:T) -> 6 | W61: =IFERROR(V61/U61,0) -> 0.3 | X61: 4700000 | Y61: =SUMIF('Bajada $$'!C:C,INCENTIVO!A61,'Bajada $$'!L:L) -> 2511238.1 | Z61: =IFERROR(Y61/X61,0) -> 0.53430599 | AA61: 15 | AB61: =SUMIF(CLIENTES!A:A,INCENTIVO!A61,CLIENTES!U:U) -> 8 | AC61: =IFERROR(AB61/AA61,0) -> 0.53333333
A62: 225 | B62: SOSA FEDERICO* | C62: 17 | D62: =SUMIF(CLIENTES!A:A,INCENTIVO!A62,CLIENTES!N:N) -> 2 | E62: =IFERROR(D62/C62,0) -> 0.11764706 | F62: 18 | G62: =SUMIF(CLIENTES!A:A,INCENTIVO!A62,CLIENTES!O:O) -> 2 | H62: =IFERROR(G62/F62,0) -> 0.11111111 | I62: 19 | J62: =SUMIF(CLIENTES!A:A,INCENTIVO!A62,CLIENTES!P:P) -> 7 | K62: =IFERROR(J62/I62,0) -> 0.36842105 | L62: 19 | M62: =SUMIF(CLIENTES!A:A,INCENTIVO!A62,CLIENTES!Q:Q) -> 0 | N62: =IFERROR(M62/L62,0) -> 0 | O62: 15 | P62: =SUMIF(CLIENTES!A:A,INCENTIVO!A62,CLIENTES!R:R) -> 0 | Q62: =IFERROR(P62/O62,0) -> 0 | R62: 27 | S62: =SUMIF(CLIENTES!A:A,INCENTIVO!A62,CLIENTES!S:S) -> 7 | T62: =IFERROR(S62/R62,0) -> 0.25925926 | U62: 21 | V62: =SUMIF(CLIENTES!A:A,INCENTIVO!A62,CLIENTES!T:T) -> 3 | W62: =IFERROR(V62/U62,0) -> 0.14285714 | X62: 3600000 | Y62: =SUMIF('Bajada $$'!C:C,INCENTIVO!A62,'Bajada $$'!L:L) -> 194300.74 | Z62: =IFERROR(Y62/X62,0) -> 0.053972427 | AA62: 15 | AB62: =SUMIF(CLIENTES!A:A,INCENTIVO!A62,CLIENTES!U:U) -> 3 | AC62: =IFERROR(AB62/AA62,0) -> 0.2
A63: 226 | B63: MUÑOZ CRISTIAN* | C63: 12 | D63: =SUMIF(CLIENTES!A:A,INCENTIVO!A63,CLIENTES!N:N) -> 1 | E63: =IFERROR(D63/C63,0) -> 0.083333333 | F63: 13 | G63: =SUMIF(CLIENTES!A:A,INCENTIVO!A63,CLIENTES!O:O) -> 6 | H63: =IFERROR(G63/F63,0) -> 0.46153846 | I63: 14 | J63: =SUMIF(CLIENTES!A:A,INCENTIVO!A63,CLIENTES!P:P) -> 9 | K63: =IFERROR(J63/I63,0) -> 0.64285714 | L63: 14 | M63: =SUMIF(CLIENTES!A:A,INCENTIVO!A63,CLIENTES!Q:Q) -> 1 | N63: =IFERROR(M63/L63,0) -> 0.071428571 | O63: 11 | P63: =SUMIF(CLIENTES!A:A,INCENTIVO!A63,CLIENTES!R:R) -> 0 | Q63: =IFERROR(P63/O63,0) -> 0 | R63: 19 | S63: =SUMIF(CLIENTES!A:A,INCENTIVO!A63,CLIENTES!S:S) -> 11 | T63: =IFERROR(S63/R63,0) -> 0.57894737 | U63: 15 | V63: =SUMIF(CLIENTES!A:A,INCENTIVO!A63,CLIENTES!T:T) -> 7 | W63: =IFERROR(V63/U63,0) -> 0.46666667 | X63: 3000000 | Y63: =SUMIF('Bajada $$'!C:C,INCENTIVO!A63,'Bajada $$'!L:L) -> 237917.04 | Z63: =IFERROR(Y63/X63,0) -> 0.07930568 | AA63: 11 | AB63: =SUMIF(CLIENTES!A:A,INCENTIVO!A63,CLIENTES!U:U) -> 2 | AC63: =IFERROR(AB63/AA63,0) -> 0.18181818
A64: Zona 500 | B64: Diego Bonelli | C64: =SUM(C54:C63) -> 148 | D64: =SUM(D54:D63) -> 24 | E64: =IFERROR(D64/C64,0) -> 0.16216216 | F64: =SUM(F54:F63) -> 158 | G64: =SUM(G54:G63) -> 55 | H64: =IFERROR(G64/F64,0) -> 0.34810127 | I64: =SUM(I54:I63) -> 168 | J64: =SUM(J54:J63) -> 54 | K64: =IFERROR(J64/I64,0) -> 0.32142857 | L64: =SUM(L54:L63) -> 168 | M64: =SUM(M54:M63) -> 28 | N64: =IFERROR(M64/L64,0) -> 0.16666667 | O64: =SUM(O54:O63) -> 129 | P64: =SUM(P54:P63) -> 10 | Q64: =IFERROR(P64/O64,0) -> 0.07751938 | R64: =SUM(R54:R63) -> 234 | S64: =SUM(S54:S63) -> 79 | T64: =IFERROR(S64/R64,0) -> 0.33760684 | U64: =SUM(U54:U63) -> 177 | V64: =SUM(V54:V63) -> 40 | W64: =IFERROR(V64/U64,0) -> 0.2259887 | X64: =SUM(X54:X63) -> 42600000 | Y64: =SUM(Y54:Y63) -> 7866756.3 | Z64: =IFERROR(Y64/X64,0) -> 0.18466564 | AA64: =SUM(AA54:AA63) -> 129 | AB64: =SUM(AB54:AB63) -> 54 | AC64: =IFERROR(AB64/AA64,0) -> 0.41860465
A65: 390 | B65: MONTENEGRO CLAUDIO* | C65: 13 | D65: =SUMIF(CLIENTES!A:A,INCENTIVO!A65,CLIENTES!N:N) -> 1 | E65: =IFERROR(D65/C65,0) -> 0.076923077 | F65: 14 | G65: =SUMIF(CLIENTES!A:A,INCENTIVO!A65,CLIENTES!O:O) -> 2 | H65: =IFERROR(G65/F65,0) -> 0.14285714 | I65: 15 | J65: =SUMIF(CLIENTES!A:A,INCENTIVO!A65,CLIENTES!P:P) -> 5 | K65: =IFERROR(J65/I65,0) -> 0.33333333 | L65: 15 | M65: =SUMIF(CLIENTES!A:A,INCENTIVO!A65,CLIENTES!Q:Q) -> 1 | N65: =IFERROR(M65/L65,0) -> 0.066666667 | O65: 11 | P65: =SUMIF(CLIENTES!A:A,INCENTIVO!A65,CLIENTES!R:R) -> 0 | Q65: =IFERROR(P65/O65,0) -> 0 | R65: 21 | S65: =SUMIF(CLIENTES!A:A,INCENTIVO!A65,CLIENTES!S:S) -> 7 | T65: =IFERROR(S65/R65,0) -> 0.33333333 | U65: 15 | V65: =SUMIF(CLIENTES!A:A,INCENTIVO!A65,CLIENTES!T:T) -> 5 | W65: =IFERROR(V65/U65,0) -> 0.33333333 | X65: 4900000 | Y65: =SUMIF('Bajada $$'!C:C,INCENTIVO!A65,'Bajada $$'!L:L) -> 300398.22 | Z65: =IFERROR(Y65/X65,0) -> 0.061305759 | AA65: 11 | AB65: =SUMIF(CLIENTES!A:A,INCENTIVO!A65,CLIENTES!U:U) -> 1 | AC65: =IFERROR(AB65/AA65,0) -> 0.090909091
A66: 391 | B66: ACUÑA VALERIA* | C66: 13 | D66: =SUMIF(CLIENTES!A:A,INCENTIVO!A66,CLIENTES!N:N) -> 0 | E66: =IFERROR(D66/C66,0) -> 0 | F66: 14 | G66: =SUMIF(CLIENTES!A:A,INCENTIVO!A66,CLIENTES!O:O) -> 6 | H66: =IFERROR(G66/F66,0) -> 0.42857143 | I66: 15 | J66: =SUMIF(CLIENTES!A:A,INCENTIVO!A66,CLIENTES!P:P) -> 5 | K66: =IFERROR(J66/I66,0) -> 0.33333333 | L66: 15 | M66: =SUMIF(CLIENTES!A:A,INCENTIVO!A66,CLIENTES!Q:Q) -> 0 | N66: =IFERROR(M66/L66,0) -> 0 | O66: 11 | P66: =SUMIF(CLIENTES!A:A,INCENTIVO!A66,CLIENTES!R:R) -> 1 | Q66: =IFERROR(P66/O66,0) -> 0.090909091 | R66: 21 | S66: =SUMIF(CLIENTES!A:A,INCENTIVO!A66,CLIENTES!S:S) -> 3 | T66: =IFERROR(S66/R66,0) -> 0.14285714 | U66: 15 | V66: =SUMIF(CLIENTES!A:A,INCENTIVO!A66,CLIENTES!T:T) -> 2 | W66: =IFERROR(V66/U66,0) -> 0.13333333 | X66: 3300000 | Y66: =SUMIF('Bajada $$'!C:C,INCENTIVO!A66,'Bajada $$'!L:L) -> 206066.08 | Z66: =IFERROR(Y66/X66,0) -> 0.062444265 | AA66: 11 | AB66: =SUMIF(CLIENTES!A:A,INCENTIVO!A66,CLIENTES!U:U) -> 1 | AC66: =IFERROR(AB66/AA66,0) -> 0.090909091
A67: 245 | B67: PALLERO MARINA* | C67: 14 | D67: =SUMIF(CLIENTES!A:A,INCENTIVO!A67,CLIENTES!N:N) -> 2 | E67: =IFERROR(D67/C67,0) -> 0.14285714 | F67: 14 | G67: =SUMIF(CLIENTES!A:A,INCENTIVO!A67,CLIENTES!O:O) -> 3 | H67: =IFERROR(G67/F67,0) -> 0.21428571 | I67: 15 | J67: =SUMIF(CLIENTES!A:A,INCENTIVO!A67,CLIENTES!P:P) -> 0 | K67: =IFERROR(J67/I67,0) -> 0 | L67: 15 | M67: =SUMIF(CLIENTES!A:A,INCENTIVO!A67,CLIENTES!Q:Q) -> 1 | N67: =IFERROR(M67/L67,0) -> 0.066666667 | O67: 12 | P67: =SUMIF(CLIENTES!A:A,INCENTIVO!A67,CLIENTES!R:R) -> 0 | Q67: =IFERROR(P67/O67,0) -> 0 | R67: 22 | S67: =SUMIF(CLIENTES!A:A,INCENTIVO!A67,CLIENTES!S:S) -> 4 | T67: =IFERROR(S67/R67,0) -> 0.18181818 | U67: 16 | V67: =SUMIF(CLIENTES!A:A,INCENTIVO!A67,CLIENTES!T:T) -> 7 | W67: =IFERROR(V67/U67,0) -> 0.4375 | X67: 2800000 | Y67: =SUMIF('Bajada $$'!C:C,INCENTIVO!A67,'Bajada $$'!L:L) -> 97140.6 | Z67: =IFERROR(Y67/X67,0) -> 0.034693071 | AA67: 12 | AB67: =SUMIF(CLIENTES!A:A,INCENTIVO!A67,CLIENTES!U:U) -> 2 | AC67: =IFERROR(AB67/AA67,0) -> 0.16666667
A68: 392 | B68: SANABRIA DIEGO* | C68: 13 | D68: =SUMIF(CLIENTES!A:A,INCENTIVO!A68,CLIENTES!N:N) -> 0 | E68: =IFERROR(D68/C68,0) -> 0 | F68: 14 | G68: =SUMIF(CLIENTES!A:A,INCENTIVO!A68,CLIENTES!O:O) -> 0 | H68: =IFERROR(G68/F68,0) -> 0 | I68: 15 | J68: =SUMIF(CLIENTES!A:A,INCENTIVO!A68,CLIENTES!P:P) -> 2 | K68: =IFERROR(J68/I68,0) -> 0.13333333 | L68: 15 | M68: =SUMIF(CLIENTES!A:A,INCENTIVO!A68,CLIENTES!Q:Q) -> 0 | N68: =IFERROR(M68/L68,0) -> 0 | O68: 12 | P68: =SUMIF(CLIENTES!A:A,INCENTIVO!A68,CLIENTES!R:R) -> 0 | Q68: =IFERROR(P68/O68,0) -> 0 | R68: 21 | S68: =SUMIF(CLIENTES!A:A,INCENTIVO!A68,CLIENTES!S:S) -> 1 | T68: =IFERROR(S68/R68,0) -> 0.047619048 | U68: 16 | V68: =SUMIF(CLIENTES!A:A,INCENTIVO!A68,CLIENTES!T:T) -> 3 | W68: =IFERROR(V68/U68,0) -> 0.1875 | X68: 3000000 | Y68: =SUMIF('Bajada $$'!C:C,INCENTIVO!A68,'Bajada $$'!L:L) -> 257752.03 | Z68: =IFERROR(Y68/X68,0) -> 0.085917344 | AA68: 12 | AB68: =SUMIF(CLIENTES!A:A,INCENTIVO!A68,CLIENTES!U:U) -> 2 | AC68: =IFERROR(AB68/AA68,0) -> 0.16666667
A69: 215 | B69: GOMEZ GUSTAVO* | C69: 14 | D69: =SUMIF(CLIENTES!A:A,INCENTIVO!A69,CLIENTES!N:N) -> 3 | E69: =IFERROR(D69/C69,0) -> 0.21428571 | F69: 15 | G69: =SUMIF(CLIENTES!A:A,INCENTIVO!A69,CLIENTES!O:O) -> 4 | H69: =IFERROR(G69/F69,0) -> 0.26666667 | I69: 16 | J69: =SUMIF(CLIENTES!A:A,INCENTIVO!A69,CLIENTES!P:P) -> 2 | K69: =IFERROR(J69/I69,0) -> 0.125 | L69: 16 | M69: =SUMIF(CLIENTES!A:A,INCENTIVO!A69,CLIENTES!Q:Q) -> 1 | N69: =IFERROR(M69/L69,0) -> 0.0625 | O69: 12 | P69: =SUMIF(CLIENTES!A:A,INCENTIVO!A69,CLIENTES!R:R) -> 1 | Q69: =IFERROR(P69/O69,0) -> 0.083333333 | R69: 23 | S69: =SUMIF(CLIENTES!A:A,INCENTIVO!A69,CLIENTES!S:S) -> 4 | T69: =IFERROR(S69/R69,0) -> 0.17391304 | U69: 17 | V69: =SUMIF(CLIENTES!A:A,INCENTIVO!A69,CLIENTES!T:T) -> 2 | W69: =IFERROR(V69/U69,0) -> 0.11764706 | X69: 2800000 | Y69: =SUMIF('Bajada $$'!C:C,INCENTIVO!A69,'Bajada $$'!L:L) -> 124410.64 | Z69: =IFERROR(Y69/X69,0) -> 0.044432372 | AA69: 12 | AB69: =SUMIF(CLIENTES!A:A,INCENTIVO!A69,CLIENTES!U:U) -> 4 | AC69: =IFERROR(AB69/AA69,0) -> 0.33333333
A70: 246 | B70: JALDIN ALEX | C70: 15 | D70: =SUMIF(CLIENTES!A:A,INCENTIVO!A70,CLIENTES!N:N) -> 0 | E70: =IFERROR(D70/C70,0) -> 0 | F70: 16 | G70: =SUMIF(CLIENTES!A:A,INCENTIVO!A70,CLIENTES!O:O) -> 0 | H70: =IFERROR(G70/F70,0) -> 0 | I70: 17 | J70: =SUMIF(CLIENTES!A:A,INCENTIVO!A70,CLIENTES!P:P) -> 1 | K70: =IFERROR(J70/I70,0) -> 0.058823529 | L70: 17 | M70: =SUMIF(CLIENTES!A:A,INCENTIVO!A70,CLIENTES!Q:Q) -> 1 | N70: =IFERROR(M70/L70,0) -> 0.058823529 | O70: 13 | P70: =SUMIF(CLIENTES!A:A,INCENTIVO!A70,CLIENTES!R:R) -> 0 | Q70: =IFERROR(P70/O70,0) -> 0 | R70: 23 | S70: =SUMIF(CLIENTES!A:A,INCENTIVO!A70,CLIENTES!S:S) -> 5 | T70: =IFERROR(S70/R70,0) -> 0.2173913 | U70: 18 | V70: =SUMIF(CLIENTES!A:A,INCENTIVO!A70,CLIENTES!T:T) -> 5 | W70: =IFERROR(V70/U70,0) -> 0.27777778 | X70: 4000000 | Y70: =SUMIF('Bajada $$'!C:C,INCENTIVO!A70,'Bajada $$'!L:L) -> 429751.28 | Z70: =IFERROR(Y70/X70,0) -> 0.10743782 | AA70: 13 | AB70: =SUMIF(CLIENTES!A:A,INCENTIVO!A70,CLIENTES!U:U) -> 3 | AC70: =IFERROR(AB70/AA70,0) -> 0.23076923
A71: 385 | B71: SPROVIERI JULIAN* | C71: 14 | D71: =SUMIF(CLIENTES!A:A,INCENTIVO!A71,CLIENTES!N:N) -> 0 | E71: =IFERROR(D71/C71,0) -> 0 | F71: 15 | G71: =SUMIF(CLIENTES!A:A,INCENTIVO!A71,CLIENTES!O:O) -> 4 | H71: =IFERROR(G71/F71,0) -> 0.26666667 | I71: 16 | J71: =SUMIF(CLIENTES!A:A,INCENTIVO!A71,CLIENTES!P:P) -> 1 | K71: =IFERROR(J71/I71,0) -> 0.0625 | L71: 16 | M71: =SUMIF(CLIENTES!A:A,INCENTIVO!A71,CLIENTES!Q:Q) -> 0 | N71: =IFERROR(M71/L71,0) -> 0 | O71: 12 | P71: =SUMIF(CLIENTES!A:A,INCENTIVO!A71,CLIENTES!R:R) -> 0 | Q71: =IFERROR(P71/O71,0) -> 0 | R71: 23 | S71: =SUMIF(CLIENTES!A:A,INCENTIVO!A71,CLIENTES!S:S) -> 3 | T71: =IFERROR(S71/R71,0) -> 0.13043478 | U71: 17 | V71: =SUMIF(CLIENTES!A:A,INCENTIVO!A71,CLIENTES!T:T) -> 5 | W71: =IFERROR(V71/U71,0) -> 0.29411765 | X71: 2800000 | Y71: =SUMIF('Bajada $$'!C:C,INCENTIVO!A71,'Bajada $$'!L:L) -> 151249.67 | Z71: =IFERROR(Y71/X71,0) -> 0.054017739 | AA71: 12 | AB71: =SUMIF(CLIENTES!A:A,INCENTIVO!A71,CLIENTES!U:U) -> 8 | AC71: =IFERROR(AB71/AA71,0) -> 0.66666667
A72: 201 | B72: ALBARENGA ALEJANDRA* | C72: 14 | D72: =SUMIF(CLIENTES!A:A,INCENTIVO!A72,CLIENTES!N:N) -> 3 | E72: =IFERROR(D72/C72,0) -> 0.21428571 | F72: 15 | G72: =SUMIF(CLIENTES!A:A,INCENTIVO!A72,CLIENTES!O:O) -> 1 | H72: =IFERROR(G72/F72,0) -> 0.066666667 | I72: 16 | J72: =SUMIF(CLIENTES!A:A,INCENTIVO!A72,CLIENTES!P:P) -> 2 | K72: =IFERROR(J72/I72,0) -> 0.125 | L72: 16 | M72: =SUMIF(CLIENTES!A:A,INCENTIVO!A72,CLIENTES!Q:Q) -> 0 | N72: =IFERROR(M72/L72,0) -> 0 | O72: 12 | P72: =SUMIF(CLIENTES!A:A,INCENTIVO!A72,CLIENTES!R:R) -> 0 | Q72: =IFERROR(P72/O72,0) -> 0 | R72: 22 | S72: =SUMIF(CLIENTES!A:A,INCENTIVO!A72,CLIENTES!S:S) -> 3 | T72: =IFERROR(S72/R72,0) -> 0.13636364 | U72: 17 | V72: =SUMIF(CLIENTES!A:A,INCENTIVO!A72,CLIENTES!T:T) -> 5 | W72: =IFERROR(V72/U72,0) -> 0.29411765 | X72: 3000000 | Y72: =SUMIF('Bajada $$'!C:C,INCENTIVO!A72,'Bajada $$'!L:L) -> 583408.36 | Z72: =IFERROR(Y72/X72,0) -> 0.19446945 | AA72: 12 | AB72: =SUMIF(CLIENTES!A:A,INCENTIVO!A72,CLIENTES!U:U) -> 3 | AC72: =IFERROR(AB72/AA72,0) -> 0.25
A73: 240 | B73: YANI VIRGINIA* | C73: 14 | D73: =SUMIF(CLIENTES!A:A,INCENTIVO!A73,CLIENTES!N:N) -> 1 | E73: =IFERROR(D73/C73,0) -> 0.071428571 | F73: 15 | G73: =SUMIF(CLIENTES!A:A,INCENTIVO!A73,CLIENTES!O:O) -> 1 | H73: =IFERROR(G73/F73,0) -> 0.066666667 | I73: 16 | J73: =SUMIF(CLIENTES!A:A,INCENTIVO!A73,CLIENTES!P:P) -> 2 | K73: =IFERROR(J73/I73,0) -> 0.125 | L73: 16 | M73: =SUMIF(CLIENTES!A:A,INCENTIVO!A73,CLIENTES!Q:Q) -> 1 | N73: =IFERROR(M73/L73,0) -> 0.0625 | O73: 12 | P73: =SUMIF(CLIENTES!A:A,INCENTIVO!A73,CLIENTES!R:R) -> 0 | Q73: =IFERROR(P73/O73,0) -> 0 | R73: 22 | S73: =SUMIF(CLIENTES!A:A,INCENTIVO!A73,CLIENTES!S:S) -> 4 | T73: =IFERROR(S73/R73,0) -> 0.18181818 | U73: 17 | V73: =SUMIF(CLIENTES!A:A,INCENTIVO!A73,CLIENTES!T:T) -> 2 | W73: =IFERROR(V73/U73,0) -> 0.11764706 | X73: 3000000 | Y73: =SUMIF('Bajada $$'!C:C,INCENTIVO!A73,'Bajada $$'!L:L) -> 130849.68 | Z73: =IFERROR(Y73/X73,0) -> 0.04361656 | AA73: 12 | AB73: =SUMIF(CLIENTES!A:A,INCENTIVO!A73,CLIENTES!U:U) -> 0 | AC73: =IFERROR(AB73/AA73,0) -> 0
A74: Zona 320 | B74: Monica Navarrete | C74: =SUM(C65:C73) -> 124 | D74: =SUM(D65:D73) -> 10 | E74: =IFERROR(D74/C74,0) -> 0.080645161 | F74: =SUM(F65:F73) -> 132 | G74: =SUM(G65:G73) -> 21 | H74: =IFERROR(G74/F74,0) -> 0.15909091 | I74: =SUM(I65:I73) -> 141 | J74: =SUM(J65:J73) -> 20 | K74: =IFERROR(J74/I74,0) -> 0.14184397 | L74: =SUM(L65:L73) -> 141 | M74: =SUM(M65:M73) -> 5 | N74: =IFERROR(M74/L74,0) -> 0.035460993 | O74: =SUM(O65:O73) -> 107 | P74: =SUM(P65:P73) -> 2 | Q74: =IFERROR(P74/O74,0) -> 0.018691589 | R74: =SUM(R65:R73) -> 198 | S74: =SUM(S65:S73) -> 34 | T74: =IFERROR(S74/R74,0) -> 0.17171717 | U74: =SUM(U65:U73) -> 148 | V74: =SUM(V65:V73) -> 36 | W74: =IFERROR(V74/U74,0) -> 0.24324324 | X74: =SUM(X65:X73) -> 29600000 | Y74: =SUM(Y65:Y73) -> 2281026.6 | Z74: =IFERROR(Y74/X74,0) -> 0.077061708 | AA74: =SUM(AA65:AA73) -> 107 | AB74: =SUM(AB65:AB73) -> 24 | AC74: =IFERROR(AB74/AA74,0) -> 0.22429907
A75: 115 | B75: GOTTFRIED GABRIEL* | C75: 22 | D75: =SUMIF(CLIENTES!A:A,INCENTIVO!A75,CLIENTES!N:N) -> 7 | E75: =IFERROR(D75/C75,0) -> 0.31818182 | F75: 24 | G75: =SUMIF(CLIENTES!A:A,INCENTIVO!A75,CLIENTES!O:O) -> 11 | H75: =IFERROR(G75/F75,0) -> 0.45833333 | I75: 25 | J75: =SUMIF(CLIENTES!A:A,INCENTIVO!A75,CLIENTES!P:P) -> 8 | K75: =IFERROR(J75/I75,0) -> 0.32 | L75: 25 | M75: =SUMIF(CLIENTES!A:A,INCENTIVO!A75,CLIENTES!Q:Q) -> 11 | N75: =IFERROR(M75/L75,0) -> 0.44 | O75: 19 | P75: =SUMIF(CLIENTES!A:A,INCENTIVO!A75,CLIENTES!R:R) -> 4 | Q75: =IFERROR(P75/O75,0) -> 0.21052632 | R75: 35 | S75: =SUMIF(CLIENTES!A:A,INCENTIVO!A75,CLIENTES!S:S) -> 16 | T75: =IFERROR(S75/R75,0) -> 0.45714286 | U75: 27 | V75: =SUMIF(CLIENTES!A:A,INCENTIVO!A75,CLIENTES!T:T) -> 0 | W75: =IFERROR(V75/U75,0) -> 0 | X75: 7200000 | Y75: =SUMIF('Bajada $$'!C:C,INCENTIVO!A75,'Bajada $$'!L:L) -> 546510.66 | Z75: =IFERROR(Y75/X75,0) -> 0.075904258 | AA75: 19 | AB75: =SUMIF(CLIENTES!A:A,INCENTIVO!A75,CLIENTES!U:U) -> 7 | AC75: =IFERROR(AB75/AA75,0) -> 0.36842105
